Team,Season,total_players,num_batters,num_bowlers,num_all_rounders,num_mixed_roles,team_total_impact,team_batting_impact,team_bowling_impact,avg_player_impact,avg_batting_impact,avg_bowling_impact,all_rounder_ratio,min_impact,max_impact,mean_impact,median_impact,std_impact,q1_impact,q3_impact,num_players,batter_min,batter_max,batter_mean,batter_std,batter_count,bowler_min,bowler_max,bowler_mean,bowler_std,bowler_count,all-rounder_min,all-rounder_max,all-rounder_mean,all-rounder_std,all-rounder_count,impact_range,batting_bowling_ratio,impact_consistency,role_balance,team_strength
Chennai Super Kings,2008,19,11,7,1,0,44.87192805930904,38.69095281838845,24.70060426926386,2.36168042417416,2.0363659378099186,1.3000318036454663,0.05263157894736842,0.7707640081290226,3.6160667366549726,2.36168042417416,2.423360616331541,0.8036294648222152,2.1044329761382135,2.7737877124906034,19,0.7707640081290226,3.6160667366549726,2.2564685160280473,0.9501603356920097,11,1.7733768143571609,3.472813684405401,2.582911968898596,0.5743463768401903,7,1.9703906007103447,1.9703906007103447,1.9703906007103447,,1.0,2.84530272852595,1.5663970159035119,1.2428080796431589,1.571204113698043,Strong
Chennai Super Kings,2009,18,8,7,3,0,45.30478454344803,38.72644658120949,28.447752006886564,2.516932474636002,2.151469254511638,1.5804306670492536,0.16666666666666666,1.638748244669133,4.56422669945186,2.516932474636002,2.209653647277975,0.8104574898346792,1.9220031325215967,2.877182653691603,18,1.638748244669133,4.56422669945186,2.71070992423396,1.0827669549194687,8,1.9122690778384857,3.2624493693997048,2.5603927922859837,0.4935840696847627,7,1.7729613130673492,2.045889332744023,1.8987852011914874,0.13770280516909075,3.0,2.9254784547827266,1.3613183414926664,1.2323504466065538,1.142693900871304,Elite
Chennai Super Kings,2010,23,9,9,5,0,48.26814264627027,36.593629820235286,29.19340398554263,2.098614897663925,1.5910273834884907,1.2692784341540275,0.21739130434782608,0.0,4.207215161308519,2.098614897663925,2.5449427214991607,1.202170186222323,1.3712612221296838,2.9074414736088996,23,1.3391340950057977,4.207215161308519,2.5646268781500856,1.007807868639536,9,0.5391188046156149,3.1928150277163017,2.3663563058757653,0.8735146961268818,9,0.0,2.868068108530105,0.7778587980075219,1.2493393682302358,5.0,4.207215161308519,1.2534896526063712,0.8311376158178998,0.9998889012331964,Average
Chennai Super Kings,2011,17,8,7,2,0,42.19056328728704,31.274173186996467,23.61708340705092,2.4817978404286496,1.8396572462939098,1.38924020041476,0.11764705882352941,0.0,3.5992879129068522,2.4817978404286496,2.3169901578470333,1.0609216040902458,1.8369123897813568,3.4196365193434066,17,0.8398839592465769,3.5992879129068522,2.783863535746708,1.0349634496583775,8,1.616391475940265,3.515486713812983,2.5416607431424647,0.7606271769274039,7,0.0,2.1280297993161237,1.0640148996580618,1.504744301663479,2.0,3.5992879129068522,1.3242182638716307,0.9416891003519094,1.142693900871304,Strong
Chennai Super Kings,2012,17,7,7,3,0,41.19124577117119,30.399620521071565,26.68957032715367,2.4230144571277172,1.788212971827739,1.5699747251266865,0.17647058823529413,0.0,3.4133736719563608,2.4230144571277172,2.5678477768929353,0.8598213061002125,2.1891790628943557,2.8874702466734323,17,1.08160924940139,3.3343502107693905,2.545753328726917,0.7490117876668893,7,1.7764492563127603,3.261017290779116,2.4842501458904964,0.4929640454739536,7,0.0,3.4133736719563608,1.9937404829497654,1.7776330737304238,3.0,3.4133736719563608,1.1390074905081304,1.1616812838082624,0.999857163262391,Strong
Chennai Super Kings,2013,17,7,8,2,0,43.44148107946711,33.39576920502072,26.590669275830084,2.5553812399686535,1.9644570120600424,1.5641570162252991,0.11764705882352941,0.8817217277668283,4.50575755238036,2.5553812399686535,2.664880582709038,1.0505952721555356,1.8656121527365621,3.236742436038408,17,0.8817217277668283,4.50575755238036,2.76913843757237,1.3078737542722332,7,1.4270490165437932,3.9634311667640194,2.5123514846896113,0.8589654373502067,8,1.1939292780441058,2.76477086089952,1.979350069471813,1.1107527354068734,2.0,3.624035824613532,1.255920596003058,0.9509361885492537,0.8748906386701663,Elite
Chennai Super Kings,2014,18,7,9,2,0,41.27593875928151,26.499642885723976,26.73539541673964,2.293107708848973,1.4722023825402208,1.4852997453744243,0.1111111111111111,0.0,3.8235831102752202,2.293107708848973,2.2660937058616293,1.1647779948341839,1.716503343525963,3.306610323923123,18,1.689489442011751,3.8235831102752202,2.942513580861589,0.7671816044306667,7,1.054947280909792,3.535736875104994,2.2975937436944873,0.8706078029610971,9,0.0,0.0,0.0,0.0,2.0,3.8235831102752202,0.9911820069484346,0.8577962566039313,0.7776913676258194,Average
Chennai Super Kings,2015,14,6,7,1,0,38.28595521165189,29.606013354752356,26.441004115341528,2.7347110865465636,2.1147152396251685,1.8886431510958235,0.07142857142857142,1.2030248335407796,3.7827843036719027,2.7347110865465636,2.8562237780046393,0.6883871711444892,2.548385213504091,3.0828458363493407,14,1.6505280409376961,3.2467418775394,2.8036052438668277,0.5807613952361518,6,1.2030248335407796,3.7827843036719027,2.7530417163279393,0.83163830689463,7,2.1930317341553502,2.1930317341553502,2.1930317341553502,,1.0,2.579759470131123,1.1197007959911187,1.4505636917203515,0.857020425653478,Elite
Chennai Super Kings,2018,20,9,10,1,0,44.04797569130997,31.26080150345478,26.50704540511827,2.2023987845654984,1.563040075172739,1.3253522702559135,0.05,0.0,3.7279916799084027,2.2023987845654984,2.092498183782747,0.9969150978398253,1.4099059404781673,2.937850816947403,20,0.9426942328984103,3.7279916799084027,2.3752762932589095,1.106640902410804,9,1.2621939285344996,3.0626324016234374,2.2670489051979787,0.6603353823178797,10,0.0,0.0,0.0,,1.0,3.7279916799084027,1.179339342642036,1.0020892580588145,0.8999100089991001,Average
Chennai Super Kings,2019,19,9,9,1,0,45.97363518141502,33.27937357848024,27.527665019676512,2.419665009548159,1.7515459778147495,1.4488244747198165,0.05263157894736842,0.9075791365053008,3.7427531615401635,2.419665009548159,2.4685999415984545,0.8679793272157126,1.70962704732983,3.0624875021294837,19,0.9075791365053008,3.587744481363055,2.2572302997186053,0.8842542956262105,9,1.2308951184470338,3.7427531615401635,2.6113403641252475,0.9129871454153627,9,2.15649920682034,2.15649920682034,2.15649920682034,,1.0,2.8351740250348625,1.2089428418535484,1.1507753621758636,0.9998889012331964,Strong
Chennai Super Kings,2020,20,9,10,1,0,41.66960184830273,29.159455360234684,24.718762438311987,2.0834800924151367,1.4579727680117343,1.2359381219155994,0.05,0.0,3.2185041940112784,2.0834800924151367,2.1818094906192953,0.7275130906540385,1.6116392155987236,2.5577222835522346,20,1.3327361401216966,3.2185041940112784,2.2816475004601173,0.666763065444174,9,1.4557507317477751,2.881532170797007,2.1134774344161675,0.44675697664140135,10,0.0,0.0,0.0,,1.0,3.2185041940112784,1.1796486750906268,1.3726589306751211,0.8999100089991001,Average
Chennai Super Kings,2021,16,7,6,3,0,42.74863632682398,31.91935275270702,26.579815354236388,2.6717897704264986,1.9949595470441888,1.6612384596397742,0.1875,1.5411926502651792,4.115624017977515,2.6717897704264986,2.654904042896036,0.7613541884505436,2.136207767368405,3.1495433439652536,16,1.8516197516711506,4.115624017977515,2.883430984022837,0.9500438948305469,7,1.5411926502651792,3.2180737757778983,2.3809010088899014,0.624671167740638,6,2.2022644290375126,3.132605248552828,2.7597377951082365,0.4918770347825791,3.0,2.574431367712336,1.200886925936436,1.311726248966327,1.1664722546242292,Elite
Chennai Super Kings,2022,20,7,8,5,0,42.81192883035546,32.75439813252348,27.412152903946392,2.140596441517773,1.6377199066261738,1.3706076451973197,0.25,0.0,3.0040264243058084,2.140596441517773,2.1885238553223694,0.6652035491236639,1.9326035371698482,2.6252377294038474,20,1.7174923443328816,2.792488468008226,2.4198005047480113,0.3546096266264141,7,1.3118047841971334,3.0040264243058084,2.187960670861406,0.5387750436939649,8,0.0,2.6225886369180227,1.6739279860456278,0.996048838528341,5.0,3.0040264243058084,1.1948860145095714,1.501042738837729,0.8748906386701663,Average
Chennai Super Kings,2023,18,7,10,1,0,44.00511895031454,26.074679114585997,26.938189238422616,2.44472883057303,1.4485932841436666,1.4965660688012565,0.05555555555555555,0.0,4.015524070911929,2.44472883057303,2.470842863843214,0.987058639583869,1.8763550301275698,3.1734626760286098,18,1.3902720950177019,4.015524070911929,2.7567772592585764,0.9540323692629605,7,1.5295050357239206,3.4400811991338456,2.470767813550451,0.702113905107435,10,0.0,0.0,0.0,,1.0,4.015524070911929,0.9679447599022367,1.0120856798753972,0.6999300069993001,Strong
Chennai Super Kings,2024,19,7,8,4,0,43.047214599433715,28.372794909406156,29.121861790755474,2.265642873654406,1.493304995231903,1.5327295679344985,0.21052631578947367,0.0,3.755476158806789,2.265642873654406,2.2590200675606407,0.8162068651120136,1.8952187117943229,2.773115645347044,19,1.5348321630178035,3.755476158806789,2.646186088800686,0.7107634219708686,7,1.4820004559942044,3.0315413434534904,2.242757813599322,0.584476717087346,8,0.0,2.6906956172071306,1.645462367258585,1.1565335184674979,4.0,3.755476158806789,0.9742781939310245,1.2236803711419277,0.8748906386701663,Average
Chennai Super Kings,2025,22,13,7,2,0,45.54206133724581,35.89597333802205,21.91176499703551,2.070093697147537,1.6316351517282752,0.9959893180470687,0.09090909090909091,0.0,3.6998032509895746,2.070093697147537,2.0774172596410825,0.7333342893718502,1.7267192844057995,2.5157569835188776,22,1.2768041841452482,2.681226316732796,2.00575258485727,0.40432000820775227,13,1.272240971032324,3.6998032509895746,2.388507068272385,0.7982964771344034,7,0.0,2.7477282561946135,1.3738641280973067,1.9429372828130984,2.0,3.6998032509895746,1.6382054728534416,1.3617776188218045,1.856877588915869,Average
Deccan Chargers,2008,20,9,5,6,0,42.647815773067464,37.842865693193886,26.431033432974182,2.1323907886533733,1.8921432846596944,1.321551671648709,0.3,0.9729710731405998,3.514720991227036,2.1323907886533733,2.012614007198199,0.6875499596344119,1.6359906319119977,2.5257401707726785,20,0.9729710731405998,3.514720991227036,2.3337292867662662,0.8507554447807607,9,1.4545340561229605,2.991727603745183,2.147151868604369,0.6249097257269415,5,1.259798782568387,2.354031043815308,1.8180821415248705,0.36627394072761693,6.0,2.5417499180864365,1.4317588371699008,1.452327439727037,1.7996400719856027,Average
Deccan Chargers,2009,19,9,5,5,0,45.63611615814583,38.88653448216265,30.968180265373114,2.401900850428728,2.046659709587508,1.6299042244933217,0.2631578947368421,0.0,3.9979805657658307,2.401900850428728,2.1532067595834286,1.0197023289877125,1.7599515747200618,3.2595006243132647,19,1.1934863983456714,3.9979805657658307,2.711475097296707,0.9555292631540773,9,1.5725454755126542,3.8641180683895824,2.5909854794250666,1.0176450228872396,5,0.0,2.1532067595834286,1.6555825770700259,0.9278106519814024,5.0,3.9979805657658307,1.2556932357321426,0.9797175646613405,1.7996400719856027,Strong
Deccan Chargers,2010,21,12,7,2,0,49.07403372021133,41.53592400613469,28.327884478373054,2.3368587485814922,1.977901143149271,1.3489468799225264,0.09523809523809523,1.050212212652624,3.6798809458362687,2.3368587485814922,2.19223923353817,0.7924934800875346,1.6652601789477828,2.898120766435173,21,1.050212212652624,3.6798809458362687,2.1987100749796094,0.8597501000641031,12,2.1009982246789756,3.6292203748449046,2.783656118305117,0.5347060970290671,7,1.5386598133724214,1.6652601789477828,1.601959996160102,0.08951997699903397,2.0,2.6296687331836446,1.4662557678052284,1.260249800527264,1.714040851306956,Strong
Deccan Chargers,2011,18,9,7,2,0,40.364135836947945,29.471856722323714,25.605564583304933,2.2424519909415523,1.6373253734624287,1.422531365739163,0.1111111111111111,0.0,3.4737524532194715,2.2424519909415523,2.430141246655441,0.859046726086228,1.9193883021914548,2.602060974306309,18,0.8398839592465769,3.4737524532194715,2.2719194670527916,0.797382569056403,9,1.8964618583820134,3.402627073044757,2.4760939645196056,0.5661964371354109,7,0.0,2.584202881835577,1.2921014409177884,1.8273073817077548,2.0,3.4737524532194715,1.1509942155909205,1.1627275235970613,1.285530638480217,Average
Deccan Chargers,2012,23,11,8,4,0,46.52506065513546,37.97850538486526,27.735040668801975,2.0228287241363243,1.651239364559359,1.2058713334261728,0.17391304347826086,0.0,3.9635290146636932,2.0228287241363243,1.9256912188821673,0.897334695059301,1.5651338880796708,2.5020643765235557,23,1.1715368192854911,3.9635290146636932,2.143622500504787,0.948601624548956,11,0.7864742305635389,3.295230714886438,2.1345817899500985,0.7655638162916779,8,0.0,2.354138259216291,1.4671397074955046,1.0194721633062371,4.0,3.9635290146636932,1.3693329618076149,1.1131708543595635,1.3748281464816898,Average
Delhi Capitals,2019,20,7,9,4,0,47.191162864993494,36.35549373614086,31.292600780529277,2.3595581432496746,1.8177746868070428,1.5646300390264638,0.2,0.0,4.010137936134688,2.3595581432496746,2.4051399819866788,0.874076660561737,1.9492792125197282,2.759776391804676,20,1.113577782739469,3.421726873900193,2.5200067521329346,0.8839512272223653,7,1.9180152948331264,4.010137936134688,2.6382759713674115,0.5945575511263004,9,0.0,2.0036812921997322,1.4516579644390621,0.9701361066017191,4.0,4.010137936134688,1.1617920156627501,1.1427570235481668,0.7776913676258194,Strong
Delhi Capitals,2020,20,10,6,4,0,41.27850673800394,34.20470841718346,23.065827932109237,2.063925336900197,1.710235420859173,1.1532913966054619,0.2,0.0,4.02979146471502,2.063925336900197,2.125017024004678,1.2214561176003225,1.425554382763058,2.930414810223545,20,0.8433726927163641,3.785651415149207,2.3388996077688735,0.8883231806566271,10,1.1438684644043187,4.02979146471502,2.7033639464002075,1.0100111958436493,6,0.0,1.669326981913963,0.4173317454784907,0.8346634909569814,4.0,4.02979146471502,1.4829170024964995,0.8180252735476484,1.6663889351774703,Average
Delhi Capitals,2021,20,9,9,2,0,47.97209337373922,32.14775655512693,28.848330690084005,2.398604668686961,1.6073878277563467,1.4424165345042002,0.1,1.0749995561598964,3.8370907782193897,2.398604668686961,2.1697157593356557,0.794159564531822,1.9759808747188874,2.943309135997188,20,1.3679004819387122,3.8370907782193897,2.516240768608002,0.8767237692327543,9,1.0749995561598964,3.677002286337792,2.3773328531654356,0.8140649411004558,9,1.8474371611129974,2.082493616665284,1.9649653888891407,0.16621001368269622,2.0,2.7620912220594933,1.1143714657353478,1.2576092203440765,0.9998889012331964,Strong
Delhi Capitals,2022,19,11,6,2,0,41.64284571208468,33.70050866979263,22.472580381880068,2.1917287216886674,1.773710982620665,1.1827673885200036,0.10526315789473684,0.0,3.29439472516309,2.1917287216886674,2.2556706394107358,0.8139320055287164,1.7606747254044026,2.781336492083115,19,1.2297740678560494,3.29439472516309,2.204742666066065,0.7092642728382085,11,1.8744444124969009,3.264392527341918,2.542178908562102,0.5193877365719586,6,0.0,2.1376029339853555,1.0688014669926778,1.5115135301053049,2.0,3.29439472516309,1.4996279064137106,1.2270962401964003,1.8330278286952173,Average
Delhi Capitals,2023,23,11,9,3,0,46.913667498851154,37.54485285230964,27.54550845678904,2.039724673863094,1.6323849066221583,1.1976308024690887,0.13043478260869565,1.0160716020235525,3.377095919283565,2.039724673863094,1.957014427322429,0.5798408350027192,1.6002675966505198,2.4498257580944225,23,1.2352185600958465,3.377095919283565,1.9037078638907585,0.6184182363743483,11,1.0160716020235525,2.8338380296257966,2.1976518194722625,0.5253581579328912,9,1.520640201747232,2.8319248444834475,2.064671540267484,0.6835480144406495,3.0,2.3610243172600125,1.3630117923292897,1.7216420398461112,1.2220864348405733,Average
Delhi Capitals,2024,22,14,7,1,0,48.39863064095852,39.127058349309046,25.169527627841088,2.1999377564072056,1.7785026522413203,1.1440694376291403,0.045454545454545456,0.9847639800298978,3.5584301270590983,2.1999377564072056,2.245637715344886,0.814752598176965,1.4544383527954097,2.846283313462888,22,0.9847639800298978,3.5584301270590983,2.0185939465125617,0.8774531958679743,14,1.4359933301053092,3.314724539603576,2.492737428176916,0.6622427452947108,7,2.6891533925442412,2.6891533925442412,2.6891533925442412,,1.0,2.5736661470292006,1.554540829206065,1.2258618633085436,1.999714326524782,Average
Delhi Capitals,2025,20,11,6,3,0,42.96143743625074,35.14631726173475,21.438853307056753,2.148071871812537,1.7573158630867376,1.0719426653528377,0.15,1.0129378971812022,3.5631812103850207,2.148071871812537,2.2233877022647635,0.7205961981357436,1.5437069303475695,2.5453177048617817,20,1.0129378971812022,3.5631812103850207,2.0647126267838805,0.7413801779165019,11,1.2873378834967457,3.1696191381206074,2.341468611248171,0.7705554612851684,6,1.2192754553912493,2.52479286352363,2.066928958046344,0.7348781349891975,3.0,2.5502433132038185,1.6393748657334246,1.385816614033607,1.8330278286952173,Average
Delhi Daredevils,2008,17,6,10,1,0,42.6765161644005,32.21324681095375,29.180683039547787,2.510383303788265,1.8948968712325733,1.7165107670322228,0.058823529411764705,1.2573379719286073,3.8368562954746763,2.510383303788265,2.462784591674125,0.7363436306147589,1.9689441662482086,2.9132164306041632,17,1.7473311989872848,3.8368562954746763,2.704086915887538,0.8914927668889964,6,1.2573379719286073,3.515712858388525,2.474036989100804,0.6519272323151094,10,1.7116247780672431,1.7116247780672431,1.7116247780672431,,1.0,2.5795183235460692,1.1039236733182705,1.3562197576267823,0.5999400059994001,Elite
Delhi Daredevils,2009,19,9,9,1,0,47.28186073329146,34.86223579165185,26.18639906972829,2.4885189859627084,1.8348545153500972,1.3782315299856993,0.05263157894736842,0.9783629883273598,3.9752683714929336,2.4885189859627084,2.547240865979441,0.8459459377363766,1.8631255381648515,3.082596991501818,19,1.1988866981495105,3.9752683714929336,2.5235219244189215,0.960579509366103,9,0.9783629883273598,3.458795689767123,2.5412343166451024,0.7778372662144524,9,1.6990545637152472,1.6990545637152472,1.6990545637152472,,1.0,2.996905383165574,1.3313107960671424,1.180712906744307,0.9998889012331964,Strong
Delhi Daredevils,2010,22,9,10,3,0,51.416764934423966,38.029784139643795,37.22611556967386,2.337125678837453,1.7286265518019908,1.6920961622579027,0.13636363636363635,1.547665820360038,3.5913027410450953,2.337125678837453,2.272548804489216,0.5637613856055587,1.8834076919463787,2.744974179751975,22,1.8621299260310396,3.437843893507133,2.531123699989622,0.5226841658293406,9,1.547665820360038,3.5913027410450953,2.314859648346615,0.6096777952374524,10,1.7352925918594921,1.9568895266720494,1.8293517170170739,0.1145291103446508,3.0,2.0436369206850573,1.0215888377734648,1.7706593005252331,0.8999100089991001,Strong
Delhi Daredevils,2011,22,13,9,0,0,44.919693079507105,35.38143734381583,24.037104268997663,2.0418042308866866,1.6082471519916288,1.0925956485908028,0.0,0.9297002018990542,3.6521584042828836,2.0418042308866866,1.9433590348166483,0.692481394182683,1.5587326719908048,2.597471509685866,22,0.9297002018990542,3.6521584042828836,1.9694978658034463,0.8171549437358075,13,1.622297352172835,2.950990984846968,2.1462467582291445,0.4861960475134114,9,,,,,,2.7224582023838293,1.4719509033977005,1.4419997542667615,1.4442839684479503,Average
Delhi Daredevils,2012,22,12,9,1,0,51.150082053122155,38.429767394922436,28.51020521830191,2.3250037296873707,1.7468076088601108,1.2959184190137232,0.045454545454545456,0.8504844542195343,4.023910511250299,2.3250037296873707,2.1623873173709436,0.7146285058839522,1.9396096029059011,2.621616570425854,22,0.8504844542195343,3.5082712052641556,2.222926193830543,0.7315471783589317,12,1.7073828401629414,4.023910511250299,2.449142085465139,0.7551879686012141,9,2.432688957969391,2.432688957969391,2.432688957969391,,1.0,3.1734260570307646,1.3479302271122462,1.3973730668607016,1.3331852016442618,Strong
Delhi Daredevils,2013,22,12,6,4,0,44.153832784572515,40.31175501940321,20.88874903093261,2.006992399298751,1.8323525008819639,0.9494885923151185,0.18181818181818182,0.0,3.108082186069666,2.006992399298751,2.1335254509761015,0.6711362997678867,1.6715164947970127,2.3743945319319097,22,1.2955943304131101,3.108082186069666,2.010480284986206,0.6015798628362491,12,1.8148868971219676,2.876143744195045,2.3207857647063634,0.3467562560532269,6,0.0,2.3248677012020456,1.525838694124966,1.0582756802689175,4.0,3.108082186069666,1.9298309802903229,1.4877934733555331,1.9996667222129645,Average
Delhi Daredevils,2014,20,9,8,3,0,41.771328922871994,33.41233228841277,23.74794074533507,2.0885664461435995,1.6706166144206385,1.1873970372667535,0.15,1.0639454354135038,3.4037292968129704,2.0885664461435995,2.1805878759071033,0.5618980421159369,1.5847573106664472,2.3694908801147285,20,1.5908987002912889,3.4037292968129704,2.3025836101414408,0.5332029282961788,9,1.0639454354135038,2.6341336671109117,2.0773878132474657,0.5573435094742052,8,1.4245683068113464,1.566333141791922,1.4763246418731015,0.0782415375389347,3.0,2.3397838613994666,1.4069570345789297,1.7765206577038257,1.124859392575928,Average
Delhi Daredevils,2015,20,10,7,3,0,40.129029591413634,30.892542338552257,25.356638744171715,2.0064514795706816,1.544627116927613,1.2678319372085858,0.15,0.0,3.443323586173457,2.0064514795706816,2.235318625817312,0.9507946194394208,1.5051249589632838,2.509925159896526,20,0.8931346441792414,3.443323586173457,2.1865114266531034,0.8038319193330847,10,1.0168477311895554,2.975523555867075,2.287272878991011,0.628776816643406,7,0.0,2.2530051719455266,0.7510017239818422,1.3007731425083688,3.0,3.443323586173457,1.218321665195194,1.0506468302888399,1.42836737608913,Average
Delhi Daredevils,2016,18,8,7,3,0,39.84250960114945,30.26682848566096,25.526326401405488,2.213472755619414,1.681490471425609,1.418129244522527,0.16666666666666666,1.2642648411232738,3.186517562184214,2.213472755619414,2.128707476074758,0.5786145246526406,1.759490510340026,2.633908929935676,18,1.2642648411232738,3.1500131997025176,2.212518741502583,0.6524301636688236,8,1.6389337621592115,2.8797163928572576,2.113094775954574,0.48417090785317035,7,1.72610509102865,3.186517562184214,2.4502320791489223,0.730282149737774,3.0,1.9222527210609404,1.1857103137251452,1.7252845770200353,1.142693900871304,Average
Delhi Daredevils,2017,19,8,6,5,0,39.12408611922865,35.40608752032252,21.919591971470243,2.0591624273278235,1.8634782905432907,1.153662735340539,0.2631578947368421,0.0,3.07834125639254,2.0591624273278235,2.264753339272568,0.9482073826140528,1.446778328448878,2.790139874191296,19,1.222963590232175,3.07834125639254,2.2252139177383716,0.7842175127675841,8,2.264753339272568,3.047553821516108,2.6359253142379093,0.335205397959344,6,0.0,2.2071411007789683,1.1013645783788437,1.0622566002695757,5.0,3.07834125639254,1.6152712863636247,1.0535105587211804,1.3331111481419762,Average
Delhi Daredevils,2018,22,10,8,4,0,45.305346575779964,33.98234523200949,27.060214320555655,2.0593339352627256,1.5446520560004315,1.2300097418434388,0.18181818181818182,0.0,4.073279901909526,2.0593339352627256,2.103916321518878,0.8235259728786289,1.6276138902557156,2.398040501928227,22,0.909719014353281,4.073279901909526,2.277570993729108,0.8516676096191964,10,1.3686305631502638,3.1047991389567797,2.125338640898395,0.6033598806469954,8,0.0,2.2318336237414282,1.3817318778254317,0.9692004977379967,4.0,4.073279901909526,1.2558047334531126,1.2128180711018075,1.249843769528809,Average
Gujarat Lions,2016,19,10,6,3,0,37.92352662164997,32.37819128450736,20.93548761173399,1.9959750853499985,1.7041153307635453,1.1018677690386312,0.15789473684210525,0.0,3.4189472732456134,1.9959750853499985,2.060853674279417,1.0199051130816015,1.3693265670203512,2.808919457630329,19,1.059062235225808,3.0630471020942887,2.1774415155182907,0.768684631743198,10,0.8396016730968231,3.4189472732456134,2.2885635510865057,0.9399119327488891,6,0.0,2.4177301599480265,0.8059100533160088,1.39587715867387,3.0,3.4189472732456134,1.5465697233801197,0.9795229617192344,1.6663889351774703,Weak
Gujarat Lions,2017,24,9,10,5,0,44.69610503802006,35.79666602007165,27.386579365894857,1.8623377099175025,1.4915277508363187,1.1411074735789524,0.20833333333333334,0.0,3.5500595201929492,1.8623377099175025,2.0802917207491802,1.0659471959341225,1.2722719811129317,2.6290300572833605,24,0.7804752689073315,3.5500595201929492,2.5195015342260128,0.7918841565814103,9,1.2796538156077062,3.0502647356038963,2.077046475235733,0.5292728640389549,10,0.0,1.2501264776286083,0.25002529552572167,0.5590735568899876,5.0,3.5500595201929492,1.3070878820540133,0.9372535059005339,0.8999100089991001,Weak
Gujarat Titans,2022,18,8,10,0,0,44.613917872567,32.145063237472655,28.051654176817365,2.478550992920389,1.7858368465262586,1.5584252320454093,0.0,1.5063205784525828,3.709198996983491,2.478550992920389,2.2926038599996375,0.6845582032342189,1.9676919562294337,3.0038804531508316,18,1.8922707024466978,3.709198996983491,2.718402504851518,0.7365904895577049,8,1.5063205784525828,3.34764273421852,2.2866697833754857,0.6092040397420321,10,,,,,,2.2028784185309083,1.1459239813400448,1.4586653551549043,0.7999200079992002,Strong
Gujarat Titans,2023,18,9,7,2,0,45.33186536822617,33.177059549979106,24.533985509300834,2.5184369649014537,1.8431699749988393,1.3629991949611575,0.1111111111111111,0.0,4.849064033019935,2.5184369649014537,2.6465698573442182,1.2026657815103405,1.9197961253952935,3.0703731481032572,18,1.449554316104465,4.849064033019935,2.69529307365488,0.9781842801683373,9,1.053068695791989,3.9319417076841274,2.8429268181394356,1.137602425564758,7,0.0,1.1737399783561948,0.5868699891780974,0.8299594980454169,2.0,4.849064033019935,1.352289848602123,0.8307954046389988,1.285530638480217,Elite
Gujarat Titans,2024,23,12,9,2,0,44.7454930168997,35.7918958311242,23.71979573228303,1.945456218126074,1.5561693839619217,1.0312954666210012,0.08695652173913043,0.0,3.5226644646953607,1.945456218126074,2.0683760641664923,0.7730209164151577,1.5313760918685135,2.386803487099817,23,1.0084383349825983,3.5226644646953607,1.8734961462747526,0.8293132399775048,12,1.8592330392482723,2.7913372538744206,2.2684123066081296,0.3134104062687745,9,0.0,1.8478285021295013,0.9239142510647507,1.3066120643255512,2.0,3.5226644646953607,1.5089462082681786,1.2919547505659847,1.3331852016442618,Weak
Gujarat Titans,2025,18,8,7,3,0,42.93126587601736,32.10425347125696,24.961992245239614,2.385070326445409,1.7835696372920533,1.3867773469577562,0.16666666666666666,0.0,4.18497934015099,2.385070326445409,2.223510342520491,1.0321893522092302,1.7123899262421303,3.095659482627644,18,1.7327435685579742,4.18497934015099,2.78880318653796,0.9453137233592181,8,1.677115980310799,3.6728146274716162,2.4974793900551653,0.7563717713432232,7,0.0,1.6466158937470676,1.046161551109175,0.9093003695960764,3.0,4.18497934015099,1.2861254484757487,0.9678767961184824,1.142693900871304,Strong
Kings XI Punjab,2008,20,11,7,2,0,46.214088250056655,39.05000224139712,24.683781181623978,2.3107044125028326,1.9525001120698557,1.2341890590811988,0.1,0.0,4.339073783285663,2.3107044125028326,2.3477346510518897,1.0274958655679656,1.5969451305819404,3.059126790390455,20,1.0263982475251483,4.339073783285663,2.397591956246834,0.9777153407638897,11,1.4133187833697096,3.5511138730569183,2.615165431181526,0.7985445714519407,7,0.0,1.5344187130708051,0.7672093565354026,1.0849978771919015,2.0,4.339073783285663,1.5820105499261263,0.9722936508332688,1.571204113698043,Strong
Kings XI Punjab,2009,20,9,9,2,0,39.789238569819524,29.411070405543793,23.373875137577194,1.9894619284909763,1.4705535202771896,1.1686937568788598,0.1,0.0,3.37836961827718,1.9894619284909763,2.1215282278549776,0.9545754482516151,1.4926140213271737,2.611756283631985,20,0.9308341666447981,3.3459784737591787,2.2274014789879657,0.7485522352012864,9,1.0150737403943364,3.37836961827718,2.19362502876976,0.7097385179069888,9,0.0,0.0,0.0,0.0,2.0,3.37836961827718,1.2582881628498501,1.046489842146601,0.9998889012331964,Weak
Kings XI Punjab,2010,22,9,8,5,0,43.64489425804843,35.40697452297919,26.196112889037874,1.9838588299112923,1.6094079328626905,1.190732404047176,0.22727272727272727,0.0,3.5869535643567465,1.9838588299112923,1.899036444311615,0.9200693458202754,1.508085419256179,2.6390253486592714,22,1.4170524200797974,3.5869535643567465,2.259383119912245,0.8077991049152384,9,1.163057287903532,2.847693396337655,1.9848521486444697,0.5103226743409371,8,0.0,3.2036312536944056,1.4863257979364926,1.4843208595372046,5.0,3.5869535643567465,1.3516117705308763,1.0856945837334662,1.124859392575928,Weak
Kings XI Punjab,2011,19,8,5,6,0,38.745718131442224,32.13164283685997,23.61553344937828,2.0392483227074854,1.6911390966768405,1.2429228131251726,0.3157894736842105,0.0,3.775095395249505,2.0392483227074854,2.086548683451825,1.137633687677677,1.654411585813231,2.8673415953539463,19,1.395215020506911,3.775095395249505,2.4790738802957657,0.9834439509194475,8,2.2602742522610852,3.0932028024104916,2.6231973068265644,0.40817836177932487,5,0.0,2.086548683451825,0.9661900924905463,1.0675145861350177,6.0,3.775095395249505,1.3606147371490305,0.8782455769770611,1.5996800639872024,Average
Kings XI Punjab,2012,22,12,7,3,0,47.076062258947495,40.58198121723855,25.533751663378908,2.1398210117703407,1.8446355098744796,1.1606250756081322,0.13636363636363635,0.0,3.2995560607953416,2.1398210117703407,2.12095598899758,0.7822885968561755,1.6800579896112067,2.7509052163132166,22,1.2001895042384019,3.2995560607953416,2.0826207077656718,0.6815850847992121,12,1.6375781912997371,3.143324782738956,2.6007071524158927,0.49385973701208585,7,0.0,2.155423183640745,1.2932212329493964,1.1405242178063046,3.0,3.2995560607953416,1.5893465931777726,1.2766686557338154,1.714040851306956,Average
Kings XI Punjab,2013,22,9,7,6,0,45.747970726529346,36.018852149079194,28.01371736991194,2.079453214842243,1.6372205522308725,1.2733507895414518,0.2727272727272727,0.0,3.5911200008121043,2.079453214842243,2.216097002908924,0.876370462918284,1.7914606481259547,2.645799131302965,22,1.1060609563243626,3.5911200008121043,2.2585901924532377,0.6946270433256821,9,1.7438729618430284,2.695616470248319,2.311024266805257,0.3614531098897256,7,0.0,3.18153547409507,1.540581521135568,1.347449607680375,6.0,3.5911200008121043,1.285757676264884,1.1397693930495782,1.285530638480217,Average
Kings XI Punjab,2014,19,9,9,1,0,48.37260611991925,35.83558184989468,27.00991988642894,2.545926637890487,1.8860832552576148,1.4215747308646811,0.05263157894736842,1.174202429614603,3.8531647105464506,2.545926637890487,2.5834642311327847,0.7664332362962886,1.9145009148616867,3.0560198323824537,19,1.334319023377467,3.8531647105464506,2.6610116367850236,0.8131831146871543,9,1.174202429614603,3.4990325114727336,2.5113198668642727,0.7606599150018359,9,1.8216225870755796,1.8216225870755796,1.8216225870755796,,1.0,2.678962280931848,1.3267563177001562,1.303044946067364,0.9998889012331964,Elite
Kings XI Punjab,2015,19,8,7,4,0,37.32863015622923,31.02643293627674,22.513734166993455,1.9646647450646963,1.632970154540881,1.1849333772101818,0.21052631578947367,0.46317495239085854,2.840884205670926,1.9646647450646963,2.0930196450940537,0.6578807413154097,1.5223150479369576,2.4245454115657794,19,1.5634117131947467,2.840884205670926,2.1550880698414976,0.4302796296597014,8,0.46317495239085854,2.791790376735748,1.9175512018748002,0.8826330247571688,7,1.215667145942488,2.5837567028585173,1.6662667960934117,0.6214245767099563,4.0,2.3777092532800674,1.3781113655398596,1.517725344352256,1.142693900871304,Weak
Kings XI Punjab,2016,21,11,7,3,0,43.37357609594566,34.63829950638332,24.56949179611121,2.0654083855212217,1.6494428336373008,1.1699757998148195,0.14285714285714285,0.8536385730239991,3.1857528359342973,2.0654083855212217,2.050520542894713,0.5978050911677583,1.6689031835868047,2.432959149033668,21,0.8536385730239991,3.136734199060781,1.9346575817597917,0.6101851075714035,11,1.6473862255239085,3.1857528359342973,2.2665539681236373,0.6654667128855309,7,1.6689031835868047,2.432959149033668,2.0754883065741634,0.3843885261003002,3.0,2.332114262910298,1.4098093600725503,1.6699924812760902,1.571204113698043,Average
Kings XI Punjab,2017,20,10,7,3,0,42.58058318387223,35.43696956562129,24.428185455470654,2.1290291591936112,1.7718484782810644,1.2214092727735326,0.15,0.9353391640578237,3.5066265854471594,2.1290291591936112,2.2085715343482972,0.7192832104165121,1.4843500098633644,2.6008904248120572,20,1.1196006159205347,3.5066265854471594,2.2258538990438685,0.7615744084556405,10,0.9353391640578237,2.8915196620915142,2.089432245364719,0.6833394046521344,7,1.3790350975215526,2.913266107554853,1.8986728252935017,0.8787502197592238,3.0,2.5712874213893357,1.450659101561931,1.3883427873068683,1.42836737608913,Average
Kings XI Punjab,2018,17,10,5,2,0,38.2219006726771,33.681368827331745,19.569387960214925,2.2483470983927707,1.9812569898430439,1.1511404682479367,0.11764705882352941,1.178525852533632,3.95494588918385,2.2483470983927707,1.8916068787477076,0.8310145987785356,1.6555756953742229,2.5970202433506717,17,1.178525852533632,3.95494588918385,2.0936396397848,0.8199336483073526,10,1.8916068787477076,3.937448942796125,2.813985801463337,0.7639475739221006,5,1.5599995721381914,1.6555756953742229,1.6077876337562071,0.06758252485971902,2.0,2.776420036650218,1.7211253052883844,1.201901987619064,1.999600079984003,Average
Kings XI Punjab,2019,20,9,9,2,0,42.19090542022305,32.90364378171381,21.900634144899406,2.1095452710111524,1.6451821890856906,1.0950317072449702,0.1,0.0,3.780212754513053,2.1095452710111524,2.2243793835570767,0.9022899345074833,1.499030794321257,2.4527997316996766,20,1.2585972782303532,3.780212754513053,2.412156961550613,0.8178950938384976,9,1.2190847126768685,3.3064884065679787,2.0141819893858868,0.7665601715586725,9,0.0,2.3538548617945527,1.1769274308972764,1.6644267347038517,2.0,3.780212754513053,1.502405983498746,1.1070642567773632,0.9998889012331964,Average
Kings XI Punjab,2020,20,11,6,3,0,43.62056737767084,38.079507404092155,20.92246010076593,2.181028368883542,1.9039753702046078,1.0461230050382966,0.15,0.0,3.9397212035930367,2.181028368883542,2.237485319478658,0.9076481218160102,1.5262310644061539,2.7634706728202563,20,0.9924532530525995,3.9397212035930367,2.2325415541508615,0.9071547339859966,11,2.1300843540801906,3.3366933878430842,2.618483147924342,0.42531606777156833,6,0.0,1.868518421879196,1.1172371314884368,0.9865510789871003,3.0,3.9397212035930367,1.8200301121710891,1.1005360336864125,1.8330278286952173,Average
Kochi Tuskers Kerala,2011,20,10,6,4,0,40.85601009529656,34.684526580013966,23.331207964767238,2.042800504764828,1.7342263290006983,1.1665603982383619,0.2,0.0,3.1658701363077557,2.042800504764828,1.9126872325333983,0.7806140984454211,1.6257982770600434,2.7758549210513257,20,1.306237642189535,3.0118605373861564,2.0849300267122315,0.6258227133579499,10,1.3098325573225804,3.1658701363077557,2.2835595451624817,0.7002063883527676,6,0.0,2.910250862925267,1.5763381392998395,1.2063153929391446,4.0,3.1658701363077557,1.4866151222170547,1.2794037389920858,1.6663889351774703,Average
Kolkata Knight Riders,2008,20,10,7,3,0,42.69680193452743,35.71426697425854,27.530243385586974,2.1348400967263714,1.785713348712927,1.3765121692793487,0.15,1.1777632731759335,3.1444057662767375,2.1348400967263714,2.1593410672186226,0.5952855664778025,1.7602217633643966,2.4706834585892987,20,1.1777632731759335,3.1444057662767375,2.0667885268131627,0.734549524159164,10,1.735413548582084,3.0889477996634556,2.30129084234336,0.48023227629851084,7,1.7684911682918343,2.3119880034594105,1.9732935899974269,0.29545304458012084,3.0,1.966642493100804,1.2972739279506764,1.6770488105336796,1.42836737608913,Average
Kolkata Knight Riders,2009,24,12,7,5,0,45.06628798418669,37.241592275311206,27.11701318443141,1.8777619993411119,1.5517330114713002,1.1298755493513088,0.20833333333333334,0.0,3.590685462894642,1.8777619993411119,1.9961036665136898,0.8391836946912508,1.4532263247515,2.456304470565743,24,0.9320512815514361,3.590685462894642,2.1087136370296284,0.7995293892182913,12,1.4286766674744162,2.6636823360302113,1.9768498035910933,0.4511577164023083,7,0.0,2.161390698177391,1.1847551429386987,1.0993417029032777,5.0,3.590685462894642,1.3733663077868983,1.1902159091143494,1.714040851306956,Weak
Kolkata Knight Riders,2010,23,11,8,4,0,48.16090028470913,38.54030515633477,30.514658952221883,2.0939521862917014,1.6756654415797725,1.3267243022705166,0.17391304347826086,0.0,3.6115065127215336,2.0939521862917014,2.0413921549442966,0.7744037290741554,1.8552714723119061,2.6184051571232994,23,0.9370432201659482,3.6115065127215336,2.2233951295092074,0.8336930194818978,11,1.728091783948071,2.9459901287228916,2.225193860290253,0.4587141319334265,8,0.0,2.034800844649359,1.4755007444464545,0.9862420090830079,4.0,3.6115065127215336,1.2630095331125604,1.28965074902853,1.3748281464816898,Average
Kolkata Knight Riders,2011,18,10,6,2,0,40.656353583942675,32.1992659874711,22.40977325714524,2.2586863102190375,1.788848110415061,1.2449874031747354,0.1111111111111111,0.0,3.5288386196442514,2.2586863102190375,2.2926032128513953,0.8728004617078828,1.6745163664267175,3.0328087942752098,18,1.3561065612728689,3.5288386196442514,2.2096246891470464,0.7893327845048991,10,2.0197542931545414,3.1861193469919367,2.5734228832856343,0.41991574394855685,6,0.0,3.1195693927584034,1.5597846963792017,2.2058686720014675,2.0,3.5288386196442514,1.436840329350701,1.1444260375480397,1.6663889351774703,Average
Kolkata Knight Riders,2012,18,6,7,5,0,43.16357584933394,31.98271905928546,30.409163129635882,2.397976436074108,1.776817725515859,1.689397951646438,0.2777777777777778,0.0,4.175948410222263,2.397976436074108,2.3790929799116,0.9455324815270776,1.9477947578451682,2.854935262570287,18,2.3116564873142953,3.8569638234786967,2.7023214694215913,0.593634965156928,6,1.4484266552053313,4.175948410222263,2.541118406408365,0.9809857086558653,7,0.0,3.1871635722307534,1.8323636375891663,1.1579892462899253,5.0,4.175948410222263,1.0517461109646926,1.0564877798875547,0.857020425653478,Strong
Kolkata Knight Riders,2013,22,10,6,6,0,45.223198503166785,38.73542697296938,26.633773596482072,2.0555999319621265,1.7607012260440627,1.210626072567367,0.2727272727272727,0.0,3.7547012655227494,2.0555999319621265,2.0269420166642296,0.8172432043813146,1.534462403448825,2.483026418712494,22,1.2041068131263897,3.0389081281896586,2.1273206114202567,0.6626061729051584,10,1.477931514643326,3.7547012655227494,2.335783600329305,0.7943958935629262,6,0.0,3.002160209602658,1.6558817978313976,1.042858140698401,6.0,3.7547012655227494,1.4543724655707728,1.2221305287296755,1.6663889351774703,Average
Kolkata Knight Riders,2014,17,7,8,2,0,42.147809852103535,32.71716755623159,26.005997849406942,2.4792829324766785,1.9245392680136229,1.529764579376879,0.11764705882352941,0.9884729917266705,4.0440348509097,2.4792829324766785,2.619242971228136,0.7667947995834923,1.9229176121701537,2.904212838701045,17,0.9884729917266705,4.0440348509097,2.4615015229566284,0.9676261017721594,7,1.5563011933192046,3.6450902932184097,2.6125041417946626,0.6748410705764885,8,1.9229176121701537,2.09434844487968,2.0086330285249168,0.12121990431336258,2.0,3.0555618591830296,1.258062380289618,1.3024313274099704,0.8748906386701663,Strong
Kolkata Knight Riders,2015,17,7,6,4,0,38.00818208932925,29.110204314612073,27.403220417975778,2.2357754170193678,1.712364959683063,1.6119541422338692,0.23529411764705882,0.6284985003263519,3.416990413709415,2.2357754170193678,2.3354353190903927,0.7300822035965455,1.947870196185518,2.6816158429633044,17,1.947870196185518,3.416990413709415,2.58810237992374,0.5372521459515541,7,0.6284985003263519,2.8239463130032814,2.2352347248647386,0.8199161489554918,6,1.0589361248254094,2.3354353190903927,1.6200142701686602,0.5914895834724729,4.0,2.788491913383063,1.062291361037134,1.3678352380628584,1.1664722546242292,Average
Kolkata Knight Riders,2016,20,7,9,4,0,44.65558997787116,30.344495998645765,31.49773775482722,2.232779498893558,1.5172247999322883,1.574886887741361,0.2,0.0,3.432593184488434,2.232779498893558,2.193004440171487,0.7929186935772394,1.789270009365437,2.7380431916591044,20,1.5861363662705075,3.432593184488434,2.497410258558724,0.7676394325212675,7,1.7913399897449371,3.370357464284044,2.41695102718824,0.4960794543826614,9,0.0,2.059803666374255,1.3552897308164817,0.9248187274001461,4.0,3.432593184488434,0.9633865211159581,1.259574825596056,0.7776913676258194,Average
Kolkata Knight Riders,2017,19,8,7,4,0,42.77325770542046,34.132916407165624,25.217366858116222,2.251224089758972,1.7964692845876644,1.3272298346376958,0.21052631578947367,0.0,3.5530686379342913,2.251224089758972,2.153396071234466,1.0031258673223173,1.8103991053386073,3.080095542092282,19,1.5570854830962164,3.5530686379342913,2.529801350345319,0.8234668097507265,8,1.7648837060112972,3.0949211639869736,2.508892842512659,0.5495818940992913,7,0.0,2.819200933834833,1.2431492512673248,1.4609732259966512,4.0,3.5530686379342913,1.3535479972676023,0.995891085513692,1.142693900871304,Average
Kolkata Knight Riders,2018,16,5,6,5,0,36.232997096331076,30.244720442090728,23.943117377230465,2.2645623185206922,1.8902950276306705,1.496444836076904,0.3125,0.7402085674786456,3.4139787859381654,2.2645623185206922,2.5063427754169965,0.8562292218029033,1.555284904491255,2.9442610331278405,16,1.3221138588254693,3.4139787859381654,2.5703188171718336,0.8138977486722578,5,0.7402085674786456,3.085559030558015,1.9444760653283073,0.9671565317240727,6,1.3874344740684548,3.192368192900156,2.342909323700412,0.7995924795237401,5.0,2.67377021845952,1.2631905848172047,1.1665491266114618,0.8331944675887352,Average
Kolkata Knight Riders,2019,19,10,6,3,0,37.28760529007703,31.49398943155261,20.322091935886622,1.9625055415830017,1.6575783911343478,1.0695837860992958,0.15789473684210525,0.0,3.991570495129639,1.9625055415830017,1.8404052792095713,0.9196564572575942,1.3065452713834393,2.525439864123406,19,0.9075791365053008,3.991570495129639,2.2623036022517673,0.9845557612460388,10,1.1658900126268477,2.340059451919635,1.7152013775789297,0.4565476563454358,6,0.0,2.532955722876207,1.4577870006952596,1.309107991650335,3.0,3.991570495129639,1.5497415094327776,1.0861814872604603,1.6663889351774703,Weak
Kolkata Knight Riders,2020,19,8,7,4,0,36.7335753756635,29.342474173238124,20.865398830110657,1.933346072403342,1.5443407459599012,1.0981788857952977,0.21052631578947367,0.0,3.134536674643383,1.933346072403342,2.1223251059009094,0.9281757077907512,1.3562704380078157,2.5832352955935685,19,0.9924532530525995,3.086804100783492,2.1123481491300278,0.8168571631937632,8,1.3079408603446963,3.134536674643383,2.2226645233780107,0.6369393117485687,7,0.0,2.1538134130762945,1.069034629744301,1.2344817961550405,4.0,3.134536674643383,1.4062743018788733,1.0762227118244876,1.142693900871304,Weak
Kolkata Knight Riders,2021,19,8,6,5,0,42.402084540928165,32.450497805279895,26.914963063402688,2.231688660048851,1.7079209371199944,1.4165770033369836,0.2631578947368421,0.0,3.3448234028046246,2.231688660048851,2.399750296358698,1.0588183146970174,1.8722841021225527,3.0623255045926507,19,0.8601741524642194,3.32373634647149,2.366084793810806,0.9949500326130789,8,2.139374066495863,3.3448234028046246,2.775133272562551,0.4795351897358215,6,0.0,2.5424072952633194,1.3645213110132821,1.2672900375781764,5.0,3.3448234028046246,1.2056675585560839,0.9435579534081573,1.3331111481419762,Average
Kolkata Knight Riders,2022,21,12,6,3,0,42.751546748337795,38.62191811698756,21.353506616838807,2.035787940397038,1.8391389579517885,1.0168336484208955,0.14285714285714285,1.0576413638767868,3.3236666048200982,2.035787940397038,1.8360166496903616,0.679077105003948,1.5004119535584943,2.5593088644865727,21,1.0576413638767868,2.9765733506344842,1.852305646324325,0.6213414245739663,12,1.5004119535584943,3.0059453719197364,2.2317978661740816,0.6769286375901576,6,1.481903983320496,3.3236666048200982,2.3776972651338024,0.9219059692159646,3.0,2.2660252409433115,1.80869207151819,1.4704215046236482,1.9996667222129645,Average
Kolkata Knight Riders,2023,21,10,8,3,0,44.048781062346926,33.26286552910136,25.840535277306948,2.0975610029689014,1.5839459775762552,1.2305016798717594,0.14285714285714285,0.9723772777291524,3.48804363159489,2.0975610029689014,2.1339493468803203,0.7441723676142689,1.475636056029948,2.5511661896925415,21,1.2887611593071988,3.48804363159489,2.2241582682393575,0.8202803248242825,10,0.9723772777291524,3.120178840937488,1.926624861118777,0.8029136755452594,8,1.8956550111835844,2.364595132939234,2.1313998303343795,0.23448045648628013,3.0,2.5156663538657376,1.2872359326980611,1.3419713927417665,1.249843769528809,Average
Kolkata Knight Riders,2024,18,9,6,3,0,41.41138261875662,31.121436911957126,21.835127163675665,2.300632367708701,1.7289687173309514,1.2130626202042036,0.16666666666666666,0.0,3.683598221240045,2.300632367708701,2.3744084697554415,1.0788568835262904,1.7958967048779415,3.17632853258751,18,1.5941177757565157,3.277676206755497,2.3144780186436718,0.602055929880811,9,1.41518384998219,3.3200767427703863,2.816247038287255,0.7472331431799537,6,0.0,3.683598221240045,1.2278660737466816,2.1267264246193665,3.0,3.683598221240045,1.4252922219628708,0.9260486414963469,1.4997500416597234,Strong
Kolkata Knight Riders,2025,19,9,7,3,0,38.91240460154436,29.82525714981447,22.232086905515693,2.048021294818124,1.5697503763060248,1.170109837132405,0.15789473684210525,0.0,3.1032523860201544,2.048021294818124,2.228934556634692,0.7868727701462341,1.6179655549921952,2.646058912267403,19,1.2588229228756842,2.855530854872591,2.0020896383490037,0.4930684643115462,9,1.0172978302604763,3.1032523860201544,2.264232239796463,0.8265090090605187,7,0.0,2.7581095100449584,1.6813240592760288,1.475090578314391,3.0,3.1032523860201544,1.3415410472516163,1.2692404635514865,1.285530638480217,Average
Lucknow Super Giants,2022,17,7,7,3,0,41.762944158614715,34.06773068634863,27.25412701684591,2.4566437740361597,2.0039841580205078,1.6031839421674066,0.17647058823529413,1.2458946226475862,3.9400448916816444,2.4566437740361597,2.464062681002957,0.7467430516508297,1.7765036345228227,3.0419441146405313,17,1.2458946226475862,3.9400448916816444,2.4456442345697273,1.0864268041236442,7,1.6440990630000911,3.1206748244890337,2.5250012858018427,0.5298717574256697,7,2.1415178068794916,2.5106340849635407,2.3228085053379064,0.1846448894244233,3.0,2.694150269034058,1.250002638693626,1.3373577966284675,0.999857163262391,Strong
Lucknow Super Giants,2023,23,11,8,4,0,48.277991616855054,39.93885795717684,28.53943885516856,2.0990431137763066,1.7364720850946453,1.2408451676160244,0.17391304347826086,0.0,3.2401342483503734,2.0990431137763066,2.1801586129520123,0.7873775273266799,1.5936516891483299,2.714530343271984,23,0.8789910303417487,3.2401342483503734,2.09533391960123,0.7824553822246477,11,1.6190708005274383,3.1020702204920774,2.4144376839466317,0.5026243067468098,8,0.0,2.419618034032435,1.478454257417118,1.0664502193382146,4.0,3.2401342483503734,1.3994268829130754,1.2684278348102003,1.3748281464816898,Average
Lucknow Super Giants,2024,23,11,8,4,0,45.25105497792009,32.18159315631769,25.950404111076722,1.9674371729530475,1.3991997024485952,1.1282784396120313,0.17391304347826086,0.0,3.6815398061674376,1.9674371729530475,2.238484100083376,0.9227800382746072,1.3704845284992442,2.463204457432038,23,1.2673140067946784,3.6815398061674376,2.245025204073666,0.8808328355553776,11,1.1872597923905044,2.688105792863131,2.0875485160751266,0.5360288728665099,8,0.0,2.285294686752411,0.9638474011271878,1.150617603061439,4.0,3.6815398061674376,1.2401191526177904,1.0825087775957498,1.3748281464816898,Weak
Lucknow Super Giants,2025,19,8,9,2,0,43.97413951670014,32.67930706907556,28.32006856381812,2.314428395615797,1.7199635299513454,1.49052992441148,0.10526315789473684,1.4057454871663055,3.7471808371747377,2.314428395615797,2.1125160859685836,0.7029177352101625,1.844003773718904,2.8377710842991215,19,1.4137102745353642,3.7471808371747377,2.6584094173972668,0.8163442673715894,8,1.4562694665111118,2.850095790808165,2.158486925175344,0.505504387574372,9,1.4057454871663055,1.8747363637776084,1.640240925471957,0.3316266291664757,2.0,2.341435350008432,1.153927540656693,1.4206205497883055,0.8887901344295079,Strong
Mumbai Indians,2008,23,11,8,4,0,48.44968155810687,36.643579892814664,32.587580067610446,2.1065078938307336,1.5931991257745506,1.4168513072874107,0.17391304347826086,0.9064304298113259,4.094391828544813,2.1065078938307336,2.1751432041726524,0.7516415228374583,1.5238331058687498,2.645985662920713,23,0.9064304298113259,4.094391828544813,1.9135037283487781,0.9543195717449316,11,1.3795656699754375,2.929601820033121,2.3875118526352783,0.4951451489063408,8,1.6373229329658252,2.6325645241546742,2.0752614312970206,0.43221221785949865,4.0,3.187961398733487,1.124464591012561,1.3286537742828755,1.3748281464816898,Average
Mumbai Indians,2009,20,10,5,5,0,41.241595215697316,37.131524849169566,28.181060766092813,2.062079760784866,1.8565762424584782,1.4090530383046407,0.25,0.0,3.6754818341171287,2.062079760784866,1.8437819651046325,0.9447032638360989,1.501841030083563,2.731112429416773,20,0.7968079008924421,3.6754818341171287,1.9246541665234385,0.9700302039662693,10,1.7964035777487715,3.4708926420565045,2.485439959132442,0.7055749882692849,5,0.0,2.8801375365211186,1.9135707509601438,1.1512544673421943,5.0,3.6754818341171287,1.3176056486080137,1.057414136378947,1.999600079984003,Average
Mumbai Indians,2010,21,9,7,5,0,49.03813920747495,39.5626739040165,30.201339109122646,2.3351494860702355,1.8839368525722142,1.4381590051963165,0.23809523809523808,0.0,4.257735561743622,2.3351494860702355,2.115459906764101,0.958188168151267,1.8120810207568288,3.177096112166298,21,1.3546991519083407,4.257735561743622,2.4446210745415744,0.9596479378397481,9,1.4654876246013022,3.4645360415833366,2.55928033533024,0.7662980792360621,7,0.0,3.355952995784194,1.8243174378578193,1.1945266728687158,5.0,4.257735561743622,1.3099642291048663,1.042548306165404,1.285530638480217,Strong
Mumbai Indians,2011,17,9,7,1,0,42.19587980352807,32.222086495775,24.925581506327347,2.4821105766781217,1.8954168526926471,1.4662106768427852,0.058823529411764705,0.0,4.358091924148088,2.4821105766781217,2.344339747811977,1.0187647370456925,2.0826670227081894,3.108236585245982,17,1.3721381542726083,3.8198752601477293,2.4355237855567875,0.7931528534425057,9,2.1136479258834977,4.358091924148088,2.8965951047881404,0.8357019000670651,7,0.0,0.0,0.0,,1.0,4.358091924148088,1.2927315853231123,0.9806183364381164,1.285530638480217,Strong
Mumbai Indians,2012,24,12,6,6,0,46.5521508235003,38.08065262638459,28.078342910984645,1.939672950979179,1.5866938594326914,1.1699309546243601,0.25,0.0,3.8205909361820938,1.939672950979179,2.1080814812946396,1.0002494753612803,1.2128627332471316,2.578182236547594,24,0.8504844542195343,3.137215278044801,1.8201596254973402,0.84981044485531,12,2.1869821054045477,3.8205909361820938,2.8626534691217773,0.5845032965927147,6,0.0,2.3765410517876786,1.2557190838002592,1.0266240080969011,6.0,3.8205909361820938,1.35622863311805,0.9987520838791658,1.9996667222129645,Weak
Mumbai Indians,2013,22,9,9,4,0,49.82556901256528,36.74736389679932,30.674761577858078,2.26479859148024,1.6703347225817873,1.3943073444480945,0.18181818181818182,0.0,3.661889737602746,2.26479859148024,2.144161023433525,1.0737914772747805,1.6614463755447855,3.2694553795261005,22,1.4480378040340747,3.661889737602746,2.7090168623546793,0.826018777220636,9,1.3889702127447958,3.6054128729230346,2.4421818689428765,0.8553445651367402,9,0.0,1.8259988025994194,0.8661951077218188,1.0031119900495418,4.0,3.661889737602746,1.1979673844742977,0.9304130346619233,0.9998889012331964,Average
Mumbai Indians,2014,19,9,10,0,0,43.485939505417456,29.380916989431082,28.78527585746149,2.2887336581798663,1.5463640520753201,1.5150145188137625,0.0,1.2444117766745237,3.348062554574937,2.2887336581798663,2.2275104027111485,0.6360684557849062,1.8720936642506742,2.769146233449025,19,1.5229160995663624,3.348062554574937,2.466937759292534,0.6224810085646962,9,1.2444117766745237,3.1949576374431996,2.128349967178465,0.635924087148445,10,,,,,,2.1036507779004134,1.020692562924152,1.5696900245483674,0.8999100089991001,Average
Mumbai Indians,2015,20,9,7,4,0,42.58334299319684,33.81834327028909,24.18767665376715,2.1291671496598417,1.6909171635144546,1.2093838326883575,0.2,0.0,3.586866483439639,2.1291671496598417,2.1060530109709994,1.1054856609216612,1.217896889307382,3.1211433767941448,20,1.1875690827682446,3.586866483439639,2.4696500821933807,0.9383743329733607,9,1.0433901742362937,3.519683920357868,2.297283706282545,0.9853480253307199,7,0.0,2.2826394263767478,1.0688765773696494,1.2398887872192172,4.0,3.586866483439639,1.3981641872586386,0.9037622766543919,1.285530638480217,Average
Mumbai Indians,2016,18,11,4,3,0,37.37880768777562,34.859066112790984,18.133528448780837,2.0766004270986453,1.9366147840439436,1.007418247154491,0.16666666666666666,0.0,3.3436812766421795,2.0766004270986453,2.2480934902096923,0.897276292179432,1.588801225338238,2.6192975106617467,18,0.8536385730239991,3.3436812766421795,2.047487118817541,0.8120082756591168,11,2.282730912061029,3.1553231083725204,2.7646220666634242,0.4535897767043091,4,0.0,2.213456068358356,1.2659870380429916,1.1405863547198827,3.0,3.3436812766421795,1.922354284840502,1.1132432289554945,2.7493126718320418,Average
Mumbai Indians,2017,18,8,8,2,0,44.50469528529788,32.468836662927565,27.11146658213829,2.4724830714054375,1.8038242590515314,1.5061925878965718,0.1111111111111111,0.0,3.6689289250451607,2.4724830714054375,2.726339642508342,0.8217398650902024,2.104803792210955,2.9622370831346645,18,1.7665835289013372,3.098966341941276,2.6366684660138273,0.48648935990307945,8,1.6903297779494932,3.6689289250451607,2.5800452091183694,0.687871197765565,8,0.0,2.770985884240306,1.385492942120153,1.9593829093185218,2.0,3.6689289250451607,1.1976053218868965,1.2154510100107565,0.9998750156230471,Strong
Mumbai Indians,2018,15,8,6,1,0,34.999852798168256,29.628425416585785,19.69070014843584,2.333323519877884,1.9752283611057189,1.312713343229056,0.06666666666666667,0.0,3.26832813529336,2.333323519877884,2.445834940751781,0.9471470185599408,1.9894792197880533,3.0234370234310317,15,0.7990702931724059,3.2391318824446325,2.1568656303684115,0.7539327448551786,8,2.3626323419088915,3.26832813529336,2.9574879592034944,0.33146261746851613,6,0.0,0.0,0.0,,1.0,3.26832813529336,1.504691310783043,1.0546887565166996,1.3331111481419762,Strong
Mumbai Indians,2019,22,9,9,4,0,47.14556703039191,32.81843306339336,29.39547288579244,2.1429803195632684,1.4917469574269708,1.3361578584451108,0.18181818181818182,0.0,3.6074527496457622,2.1429803195632684,1.9348827091778462,0.9898414901643937,1.565311118301453,2.909497782102068,22,1.484420479396926,3.6074527496457622,2.481688459478722,0.8298115987840643,9,1.6765952877426638,3.5451250827778544,2.434918421887039,0.6228784832512196,9,0.0,1.5282163951543826,0.7240262745250141,0.8385918095741952,4.0,3.6074527496457622,1.116445147553837,1.0092431634388734,0.9998889012331964,Average
Mumbai Indians,2020,15,7,5,3,0,39.27288194461186,29.296065580385932,22.095967510262025,2.6181921296407906,1.9530710386923955,1.473064500684135,0.2,0.0,3.9833048692671285,2.6181921296407906,2.700920380613944,0.983560572017672,2.0975491402719957,3.3613767555371714,15,1.861605277296817,3.546163013754878,2.9458476923447696,0.5793729086389329,7,1.8243126020622387,3.9833048692671285,2.891369963530896,0.8667683066291416,5,0.0,2.1335109184649137,1.3983660935146638,1.2115543933762911,3.0,3.9833048692671285,1.3258557502304422,1.0156815420210132,1.3997200559888021,Elite
Mumbai Indians,2021,20,8,6,6,0,44.150968960010225,36.560701056894814,26.59562197573474,2.2075484480005114,1.8280350528447407,1.3297810987867371,0.3,0.0,3.5097666230434696,2.2075484480005114,2.248579261401673,0.7550683070834636,1.9023299756317527,2.688389552555252,20,1.5262004275702712,3.0399311622993457,2.3459589851108564,0.503902083776786,8,2.205705110809661,3.5097666230434696,2.6353699898745764,0.477114332087173,6,0.0,2.747271411394804,1.5951795233126533,0.9397235311797004,6.0,3.5097666230434696,1.3746887021575203,1.3226318186216584,1.3331111481419762,Average
Mumbai Indians,2022,22,9,9,4,0,46.5017419309469,36.47572996172405,29.713042845483294,2.1137155423157683,1.6579877255329114,1.350592856612877,0.18181818181818182,0.8203803088605487,3.0275613294101817,2.1137155423157683,2.2708603940398193,0.6324117337729162,1.6735707794669727,2.54901500538582,22,0.8203803088605487,3.0275613294101817,2.129333117727759,0.8575466810105686,9,1.381414642561554,2.8710983457217227,2.213723318914084,0.4626924284007421,9,1.4665406579085793,2.3051351200567716,1.8535585002925794,0.3830300038552364,4.0,2.207181020549633,1.2275999516915435,1.5787519344542313,0.9998889012331964,Average
Mumbai Indians,2023,21,8,8,5,0,46.64133966429755,35.951438701317855,27.833116760355356,2.2210161744903596,1.7119732714913265,1.325386512397874,0.23809523809523808,0.0,3.8761934290403026,2.2210161744903596,2.1200245731288034,0.9344721304916076,1.574363407041353,2.8877866964732486,21,1.5498822529773004,3.8761934290403026,2.8301913261156537,0.733806398823128,8,1.041848567810326,3.32246729452409,2.172818646996939,0.780709921896888,8,0.0,1.9563574433181388,1.3234519758793615,0.7767654363355033,5.0,3.8761934290403026,1.2916785069692946,1.0689789331024557,0.9998750156230471,Average
Mumbai Indians,2024,22,9,9,4,0,44.92410636004553,31.147953366861245,26.227087399841253,2.042004834547524,1.4158160621300566,1.1921403363564205,0.18181818181818182,0.0,3.4850243090484154,2.042004834547524,2.1662435952008186,0.9255471947279803,1.6813545564720553,2.6747367643197175,22,1.6802280221301762,3.12209402516305,2.45701679323916,0.5161034389887471,9,0.9506725182506778,3.4850243090484154,2.0602656233111034,0.8325103198772168,9,0.0,2.58383045159547,1.0671411527732908,1.2857355911437387,4.0,3.4850243090484154,1.1876253314750373,1.0792758379605092,0.9998889012331964,Average
Mumbai Indians,2025,22,6,10,6,0,49.01879747437387,32.09353252576066,35.35573818517226,2.228127157926085,1.4587969329891208,1.6070790084169209,0.2727272727272727,0.0,4.1840202740247605,2.228127157926085,2.4081600386967748,1.0158552644873533,1.6364361839411354,2.7437009943815864,22,1.0655045953837115,4.1840202740247605,2.618819051625206,1.0265787911635564,6,1.5188611920448127,3.5042242884454278,2.3648297264170406,0.7299498923635679,10,0.0,2.7437647006137897,1.609597650075371,1.2812688426638585,6.0,4.1840202740247605,0.9077319318769103,0.9834241262488317,0.5999400059994001,Average
Pune Warriors,2011,25,14,9,2,0,49.14287261105541,37.04950174979247,28.981701517579143,1.9657149044422164,1.4819800699916987,1.1592680607031658,0.08,0.0,3.3308287579914335,1.9657149044422164,1.9590849635366447,0.7461577659240181,1.5672911086538122,2.489769660965638,25,1.0924241606559224,3.3308287579914335,1.898475121049542,0.6935222694599754,14,1.9590849635366447,3.3271826838023237,2.348687523777139,0.44311155118618184,9,0.0,1.4260332023675688,0.7130166011837844,1.0083577475912762,2.0,3.3308287579914335,1.2783756580792787,1.3384054153051455,1.5553827352516387,Weak
Pune Warriors,2012,23,10,7,6,0,43.29419082702324,34.610186338238165,27.275393761934456,1.882356122914054,1.504790710358181,1.185886685301498,0.2608695652173913,0.0,2.9885025329940396,1.882356122914054,2.1778338041826872,0.8747119502622704,1.5348924077562112,2.459450591094365,23,1.2743503606597415,2.9885025329940396,2.0867641817908202,0.6583316651601869,10,1.6398791054406816,2.512825717149156,2.266342803248826,0.30136258398732674,7,0.0,2.2719702060291613,1.0936915643955423,1.200436802244823,6.0,2.9885025329940396,1.268916102195384,1.1419280046372624,1.42836737608913,Weak
Pune Warriors,2013,26,8,7,11,0,49.21185542522162,43.69566441592552,34.8186801248569,1.8927636702008317,1.680602477535597,1.3391800048021882,0.4230769230769231,0.0,3.4262897463598168,1.8927636702008317,1.9784937888505039,0.7976879272859014,1.6036315276211466,2.3124884889003634,26,1.134336892523941,3.4262897463598168,2.1438110905026386,0.846120175865886,8,1.8121276825044583,2.714438360414143,2.2476640390187024,0.32325550333289105,7,0.0,2.491219536590017,1.4843380389154175,0.8395502204841567,11.0,3.4262897463598168,1.254948902693511,1.2520534815121052,1.142693900871304,Weak
Punjab Kings,2021,25,11,7,7,0,48.203689585692096,37.90052578471552,27.347067313241922,1.9281475834276838,1.5160210313886209,1.093882692529677,0.28,0.0,4.308560757907701,1.9281475834276838,1.6991161794561405,1.0000228309024233,1.3501237143367217,2.2729017927135406,25,0.8601741524642194,4.308560757907701,2.140713876585955,0.9731363094149537,11,1.3438784261946617,3.262593033728114,2.4514950965526756,0.7526096667480423,7,0.0,2.007836014704003,1.070767323911124,0.7716477871775497,7.0,4.308560757907701,1.385908234714566,0.9989782142116568,1.571204113698043,Weak
Punjab Kings,2022,19,9,8,2,0,40.70237492748802,34.29439398313232,23.360927473746827,2.142230259341475,1.8049681043753854,1.229522498618254,0.10526315789473684,0.0,3.5420429445385855,2.142230259341475,2.0989426782383833,0.8229093553268599,1.7906295548656375,2.536453634579623,19,1.2024872736252168,3.5420429445385855,2.2842911537470925,0.759541673988948,9,1.623632446136484,3.423922835460841,2.2825065265646405,0.6069796171004072,8,0.0,1.8837023312470729,0.9418511656235364,1.3319786921617134,2.0,3.5420429445385855,1.46802364853333,1.213725749725565,1.124859392575928,Average
Punjab Kings,2023,19,10,5,4,0,40.067627986643785,35.39577497226916,19.71902159327033,2.108822525612831,1.8629355248562716,1.0378432417510701,0.21052631578947367,0.0,2.9775841099644373,2.108822525612831,2.283255664782545,0.8286402453222775,1.9224031881883428,2.637413205326469,19,1.7446520472730345,2.9775841099644373,2.360135128441594,0.43055732808307084,10,2.0354269355918064,2.7520555557721598,2.422404972567501,0.2958098680878051,5,0.0,2.5735649370398312,1.0885629598475852,1.297973427970817,4.0,2.9775841099644373,1.7950066541003717,1.205341719664944,1.999600079984003,Average
Punjab Kings,2024,21,10,6,5,0,45.734739870702974,37.713658768016984,27.452123804123985,2.1778447557477607,1.7958885127627136,1.3072439906725708,0.23809523809523808,0.0,4.000749284456544,2.1778447557477607,2.2257939661469663,0.9452769021847225,1.861753517683975,2.661188529067136,21,1.3277621991789152,3.292564955870094,2.2257609258746855,0.5822685102269469,10,1.861753517683975,4.000749284456544,2.6998738772804898,0.8033404638777785,6,0.0,2.8454285088067977,1.4555774696546357,1.3533720100897562,5.0,4.000749284456544,1.3737974896627656,1.0567731260176,1.6663889351774703,Average
Punjab Kings,2025,22,9,11,2,0,51.308808402710035,35.750656297470684,31.55592952613062,2.332218563759547,1.6250298317032128,1.4343604330059372,0.09090909090909091,0.9016723962384686,3.727910960608605,2.332218563759547,2.285675630335283,0.8257401328717452,1.7236076307464188,2.854268982287491,22,0.9016723962384686,3.727910960608605,2.5701429251494954,1.0023404970208079,9,1.2736112060523799,3.433863845462569,2.3072714333714868,0.629012874177311,11,1.2174658208641653,1.5800704884140584,1.3987681546391117,0.25640021931442314,2.0,2.8262385643701364,1.132929906814075,1.2095699243804983,0.8181074447777476,Strong
Rajasthan Royals,2008,19,12,5,2,0,44.412445468643554,38.06383896460584,25.19603485214904,2.3374971299286083,2.003359945505571,1.3261070974815283,0.10526315789473684,0.0,3.921240384783399,2.3374971299286083,2.205498603999618,1.0858744066575108,1.6114282104425102,3.1236732723560587,19,0.9963811617936275,3.8370988801932007,2.123352366876823,0.8894639134153484,12,2.1219418802014336,3.921240384783399,3.0056795198297204,0.6748553028853667,5,0.0,3.9038194669730784,1.9519097334865392,2.7604172176247173,2.0,3.921240384783399,1.5107075056835488,0.9200695074560845,2.3995200959808036,Strong
Rajasthan Royals,2009,22,10,7,5,0,45.521054680730494,38.21368267496299,31.679713492304977,2.0691388491241134,1.7369855761346813,1.4399869769229534,0.22727272727272727,0.0,3.3494413689504103,2.0691388491241134,2.159413012270522,0.7670793266436786,1.7291881616921438,2.5274568414335503,22,1.0924457323477645,3.1212853672522307,2.009686633667852,0.723790828677285,10,1.9391934648671088,3.3494413689504103,2.529422128607935,0.47971608246695585,7,0.0,2.2569887862047544,1.543646688759285,0.9167770141953774,5.0,3.3494413689504103,1.2062508925229112,1.3019488551654668,1.42836737608913,Average
Rajasthan Royals,2010,25,15,6,4,0,50.84447050378625,44.75120045919185,28.77826663935215,2.0337788201514497,1.790048018367674,1.151130665574086,0.16,0.6229767116097531,3.385806852478456,2.0337788201514497,1.8860571268307535,0.7290324964570928,1.5300528138684177,2.6617865108118943,25,0.7971897417590151,3.385806852478456,2.072318643235836,0.7726702585529143,15,0.6229767116097531,2.9520965222994633,2.1308310593549415,0.8706664381537529,6,1.4224393368638975,1.9947476117303018,1.7436761247797654,0.2527959801225711,4.0,2.7628301408687026,1.5550346037171638,1.3698020360094674,2.4995834027662056,Average
Rajasthan Royals,2011,21,13,4,4,0,39.173921370343635,35.43508268761336,20.086608494267026,1.8654248271592206,1.6873848898863504,0.9565051663936679,0.19047619047619047,0.0,3.2131642109753216,1.8654248271592206,1.8450026002832123,0.8975110797426292,1.3670119965371332,2.5249922296977583,21,1.343070408194855,3.2131642109753216,2.0385576527008795,0.6518103321660186,13,2.3145263289165743,2.9421646742111576,2.6190365245676634,0.2656261298913941,4,0.0,1.1334698252804376,0.5491314467403867,0.6347336552419062,4.0,3.2131642109753216,1.7641147681913043,1.1129523303000797,3.2491877030742313,Weak
Rajasthan Royals,2012,18,7,9,2,0,44.68516941631374,32.98113385866242,30.919566626783496,2.4825094120174303,1.8322852143701343,1.717753701487972,0.1111111111111111,1.5980225982154235,3.702352194393463,2.4825094120174303,2.414572687529187,0.5043113162432125,2.154232036643557,2.6803680671695256,18,1.5980225982154235,3.702352194393463,2.699630414454472,0.7382871576371866,7,2.0778820991052127,2.685823379980609,2.3898556643684596,0.22101169229736717,9,2.0397643526951197,2.2392911831211757,2.139527767908148,0.14108677482292273,2.0,2.1043295961780393,1.0666751658185638,1.9789780435447202,0.7776913676258194,Strong
Rajasthan Royals,2013,24,11,10,3,0,49.642066447185634,35.71085246869339,30.737406856135266,2.0684194352994014,1.4879521861955578,1.2807252856723028,0.125,0.0,4.057245339287203,2.0684194352994014,2.062968190119407,1.0978764740162312,1.3216818570794668,2.919212034485117,24,1.0970804683147632,4.028950930917332,2.374076403816626,1.0094192941493674,11,1.1009742135545075,4.057245339287203,2.2376551618571923,0.8705241699163447,10,0.0,1.150674386630827,0.38355812887694235,0.6643421668709156,3.0,4.057245339287203,1.1618043329366092,0.9100203923241234,1.0998900109989003,Average
Rajasthan Royals,2014,22,8,8,6,0,44.127999348414264,34.82853586477446,29.457199645069693,2.005818152200648,1.5831152665806572,1.3389636202304407,0.2727272727272727,0.0,2.910046379602494,2.005818152200648,2.1659787847160517,0.85795893279045,1.554608659672092,2.6780755130876144,22,0.9330598467542173,2.81570414554415,2.020412546260946,0.7344055643692713,8,1.4592724055243609,2.910046379602494,2.3049813240151864,0.5117708861723475,8,0.0,2.8959568473563695,1.5874747310342012,1.2713282205015184,6.0,2.910046379602494,1.1823437490468913,1.164200012160486,0.9998750156230471,Average
Rajasthan Royals,2015,17,7,7,3,0,35.45921957642016,26.79990636509112,23.574918832144537,2.085836445671774,1.5764650802994775,1.3867599313026198,0.17647058823529413,0.0,3.6582664401246676,2.085836445671774,2.1363320770182455,0.8876073556868892,1.6855658732880459,2.6060080288695313,17,0.7512088697386278,3.6582664401246676,2.368032249500049,0.9154164364752252,7,1.3367797516954878,3.023149765114833,2.1515851256590754,0.6424489643251697,7,0.0,2.1363320770182455,1.2739659834354304,1.1260726165835337,3.0,3.6582664401246676,1.1367973970942922,1.125356428348497,0.999857163262391,Average
Rajasthan Royals,2018,19,8,7,4,0,40.016419032927836,32.71046286912804,24.051580299898205,2.1061273175225175,1.7216033089014757,1.2658726473630635,0.21052631578947367,0.0,3.5949765119752413,2.1061273175225175,2.255890088712477,0.7988976870353087,1.5326004177778005,2.5829499210796323,19,1.4103912445979085,3.5949765119752413,2.179684895279465,0.8348916361007312,8,1.474010567700563,2.903061985175105,2.234354100129526,0.5475069617525877,7,0.0,2.4995281983085773,1.7346152924463583,1.1690335723111742,4.0,3.5949765119752413,1.3600130411915794,1.2501598844551458,1.142693900871304,Average
Rajasthan Royals,2019,20,10,7,3,0,42.29490208810165,34.9754089992871,23.77507491248833,2.1147451044050825,1.7487704499643548,1.1887537456244164,0.15,0.0,3.4416893143580904,2.1147451044050825,2.060756336309171,0.7646867436566693,1.8222946295331743,2.725795873984292,20,1.0315822114045805,2.9581617492265075,2.195521235683797,0.6561315936045238,10,1.7437128686060623,3.4416893143580904,2.3168824369493337,0.6330970891127402,7,0.0,2.0879608478994403,1.3738375575394475,1.1900892030979575,3.0,3.4416893143580904,1.4710956381010423,1.3060171255209765,1.42836737608913,Average
Rajasthan Royals,2020,17,10,3,4,0,36.38549240121078,35.65552692302087,18.05293072303125,2.140323082424164,2.0973839366482867,1.0619371013547794,0.23529411764705882,0.895265025492551,3.536994429203218,2.140323082424164,2.202422404945669,0.7198859952226716,1.562289768945394,2.7520082835503126,17,0.895265025492551,2.9558159894170744,2.1263196469562997,0.6863008915432454,10,2.202422404945669,3.536994429203218,2.6783904349591285,0.745035792982291,3,1.2902804579002194,2.8294109860588454,1.7717811566926003,0.7138472420408774,4.0,2.641729403710667,1.975054769225525,1.3871818937072207,3.332222592469177,Average
Rajasthan Royals,2021,24,12,4,8,0,41.77442556648438,38.735621923192426,19.494775174587428,1.7406010652701827,1.6139842467996843,0.8122822989411428,0.3333333333333333,0.0,3.526682815322257,1.7406010652701827,1.9612662299821677,1.0072542578855346,1.343322059191507,2.471694701197604,24,0.8601741524642194,3.526682815322257,1.9786311556123912,0.7860722030893186,12,1.9472531855893154,2.8578444543832466,2.588059054814985,0.4317149043291205,4,0.0,2.0791774806514782,0.9598269349844682,1.038492200147449,8.0,3.526682815322257,1.986974539397949,0.9918133171062973,2.9992501874531365,Weak
Rajasthan Royals,2022,18,10,5,3,0,42.53269975719755,34.6666184072036,21.157473117471554,2.3629277642887527,1.9259232448446444,1.1754151731928641,0.16666666666666666,0.0,4.853558585150916,2.3629277642887527,2.4066838597356233,1.1006328048576324,1.5820795294838004,2.9920349515863904,18,1.2805515547414492,4.853558585150916,2.39891880023504,1.1102024649965354,10,2.051034821473457,3.8141138797629504,2.8782725532689946,0.6873964443984313,5,0.0,2.586868279405043,1.3840496628340595,1.3029218675136314,3.0,4.853558585150916,1.6385046652180963,0.9077434836639904,1.999600079984003,Strong
Rajasthan Royals,2023,22,8,8,6,0,40.71079674392322,29.684771654126383,22.131960733011923,1.850490761087419,1.34930780246029,1.0059982151369056,0.2727272727272727,0.0,3.956898140172612,1.850490761087419,1.9778821188965288,1.2107922659426889,1.319109585804631,2.7713393827605843,22,1.2481489592213202,3.956898140172612,2.511749560780825,0.8290064367598557,8,1.531991465554563,3.260082781458552,2.3815303129572287,0.6566306654665307,8,0.0,1.5645577540187876,0.26075962566979793,0.6387280284101512,6.0,3.956898140172612,1.3412626207062046,0.8252239497683794,0.9998750156230471,Weak
Rajasthan Royals,2024,19,11,8,0,0,46.078334310450586,32.32964004018708,22.82355180971395,2.4251754900237152,1.7015600021151094,1.2012395689323132,0.0,1.157324753440303,3.7411658367119975,2.4251754900237152,2.277552794498515,0.7480873439497723,1.9218517122306111,2.9683197317889998,19,1.157324753440303,3.7411658367119975,2.2811086715818623,0.9062593545079348,11,2.122295308392558,3.24103870472818,2.6232673653812624,0.4339409275585399,8,,,,,,2.5838410832716945,1.4165034570310495,1.3349578097625046,1.3748281464816898,Strong
Rajasthan Royals,2025,19,9,9,1,0,40.89279775849292,30.774415811763777,22.652094467294905,2.1522525136048904,1.6197060953559883,1.1922154982786792,0.05263157894736842,0.0,3.4796910126615037,2.1522525136048904,2.2932213530432155,0.7841132229035862,1.7999285984923428,2.5783997636221785,19,0.9016723962384686,3.4796910126615037,2.4177300255111183,0.7339553212388096,9,1.4787564831642332,2.663097641274673,2.1259141698769835,0.4308046953028056,9,0.0,0.0,0.0,,1.0,3.4796910126615037,1.358568226712805,1.2737016405120494,0.9998889012331964,Average
Rising Pune Supergiant,2017,20,10,8,2,0,49.1468788739581,34.06161782115882,30.53268196292176,2.457343943697905,1.703080891057941,1.526634098146088,0.1,1.351125717360507,3.860846762931369,2.457343943697905,2.5717093912495432,0.731617274388973,1.7946084897915662,2.978149539680514,20,1.351125717360507,3.4108717674588283,2.2849606507534372,0.8012762431008514,10,1.7971293552941274,3.860846762931369,2.675680540714683,0.6256414866734205,8,1.7484754213281848,3.143352619378083,2.445914020353134,0.9863271256635741,2.0,2.5097210455708625,1.115578967564085,1.3649691796225158,1.249843769528809,Strong
Rising Pune Supergiants,2016,23,11,9,3,0,46.90754940825628,34.65872795916475,27.01109356882531,2.039458669924186,1.5069012156158588,1.1743953725576222,0.13043478260869565,0.0,3.3198957342083886,2.039458669924186,2.1158188452966233,0.7183875246391332,1.626092062111324,2.6190329676120214,23,1.1174999186391354,3.3198957342083886,2.0717485047809414,0.6607456772457422,11,1.4873513466747044,2.9155192715748193,2.17588367791617,0.563430576981481,9,0.0,2.321325920451261,1.5117875848067985,1.3103449977778836,3.0,3.3198957342083886,1.283129387962504,1.390071367308782,1.2220864348405733,Average
Royal Challengers Bangalore,2008,22,12,5,5,0,42.538086676761466,39.71178318180912,21.41070768607188,1.9335493943982485,1.8050810537185962,0.9732139857305401,0.22727272727272727,0.0,3.0215398676542646,1.9335493943982485,1.9477863131498785,0.713046174767121,1.4039913088630505,2.4205783903819404,22,1.2182678918355625,3.0215398676542646,1.916926126363392,0.5661062923574618,12,2.204062878127468,2.9337712296112954,2.5831237274594647,0.3260704647801218,5,0.0,2.0996146509898463,1.3238709046206867,0.8299118859554001,5.0,3.0215398676542646,1.8547627553498605,1.4004696549577345,2.3995200959808036,Weak
Royal Challengers Bangalore,2009,23,11,5,7,0,49.08691293574258,44.458123842456544,28.14495502591689,2.1342136059018513,1.9329619061937628,1.223693696778995,0.30434782608695654,0.0,3.6756396890655525,2.1342136059018513,2.0448285797249257,0.8298560590187146,1.629216204762919,2.7080662720990114,23,0.9706769118985137,3.3852426162973606,2.2686847263415464,0.7890659569089674,11,1.5394893962022496,3.6756396890655525,2.441771782455349,0.8582194856985158,5,0.0,2.384486842903372,1.7032174333869747,0.8171045195982372,7.0,3.6756396890655525,1.5796125380736228,1.2035779111739926,2.1995600879824035,Average
Royal Challengers Bangalore,2010,22,12,7,3,0,50.52917451256906,40.5782592330523,28.247061337448358,2.2967806596622298,1.8444663287751046,1.28395733352038,0.13636363636363635,0.0,4.305278888742335,2.2967806596622298,2.1732891540820614,0.9755769519153382,1.5737353770497626,3.1854495424360705,22,1.2660684613974065,4.305278888742335,2.3953361933565014,0.9350855061636815,12,2.1207322158642854,3.376073843089217,2.7188355038557988,0.5825949922867965,7,0.0,1.3818765720066382,0.9177638884334828,0.7948240540010251,3.0,4.305278888742335,1.4365479916049155,1.0239848462926784,1.714040851306956,Average
Royal Challengers Bangalore,2011,21,11,8,2,0,48.77901382813667,38.710212870408355,28.45392301539119,2.3228101822922222,1.8433434700194455,1.3549487150186281,0.09523809523809523,1.2819924662347257,4.827314646349673,2.3228101822922222,1.9443527167693608,0.8995796494366185,1.7132015569591743,2.8765915760221117,21,1.2819924662347257,4.827314646349673,2.4423637648782806,1.106909710088155,11,1.5221840202952441,3.3694516718183514,2.2988302233995537,0.6669408649143194,8,1.6470799108748548,1.8752907164042953,1.761185313639575,0.16136940812991177,2.0,3.545322180114947,1.3604525762394652,1.1103959551224332,1.3748281464816898,Strong
Royal Challengers Bangalore,2012,21,10,9,2,0,43.748305642335396,34.09222083267441,22.93590963570715,2.083252649635019,1.6234390872702098,1.092186173128912,0.09523809523809523,0.0,4.588398202533795,2.083252649635019,2.169781327573654,1.1071511265384213,1.2836867084737158,2.8269203186857874,21,0.8504844542195343,4.588398202533795,2.215886049779795,1.1155694332746002,10,1.2836867084737158,3.2945281869434053,2.3988272382819376,0.6673764505544315,9,0.0,0.0,0.0,0.0,2.0,4.588398202533795,1.4864124150366749,0.902403991704401,1.1109876680368849,Average
Royal Challengers Bangalore,2013,23,12,8,3,0,50.40822518943578,41.22211517396554,27.17401003371341,2.1916619647580773,1.7922658771289366,1.1814786971179745,0.13043478260869565,1.0957756524755067,4.777344851210615,2.1916619647580773,1.8072512886049172,0.9411823989262054,1.5805392063100854,2.4454785118362503,23,1.0957756524755067,4.777344851210615,2.1846721543037044,1.1873339145699986,12,1.4605010438012158,3.4800627287179298,2.333455265723341,0.643969475452226,8,1.4770236025453296,2.44168813232586,1.8415057373348673,0.5237464780296363,3.0,3.6815691987351085,1.5169684239765628,1.0613656136430576,1.4998125234345707,Average
Royal Challengers Bangalore,2014,20,10,7,3,0,41.58163375526114,31.405656135922356,24.123084419426288,2.0790816877630567,1.5702828067961179,1.2061542209713143,0.15,0.0,3.2119438660985002,2.0790816877630567,1.918776955014594,0.7637954592707703,1.791753307797592,2.642872009487086,20,1.3914161772738467,3.2119438660985002,2.127220277545609,0.6917210539189963,10,1.8192899068417394,3.1957915318987387,2.3670350638769584,0.541548244709996,7,0.0,1.9191373558581288,1.2467285108887796,1.0808118969824894,3.0,3.2119438660985002,1.3018922286169767,1.3075391438038824,1.42836737608913,Average
Royal Challengers Bangalore,2015,20,11,5,4,0,44.40144100856001,36.809988365492444,23.988237697208405,2.2200720504280005,1.8404994182746222,1.1994118848604203,0.2,0.0,3.8808367767874934,2.2200720504280005,1.9634742518534873,1.050597079654546,1.5256002272303362,3.117397409254502,20,1.035060418619855,3.8808367767874934,2.164556469533368,1.0500346641808433,11,2.4708434534338757,3.588339508068782,3.072241340279831,0.4061168941162175,5,0.0,1.8272413502950307,1.307528285573453,0.873702810716,4.0,3.8808367767874934,1.5345015682321737,0.9509345540675181,2.1995600879824035,Average
Royal Challengers Bangalore,2016,21,6,10,5,0,46.046273482869,29.22446364694601,30.686917608864416,2.1926796896604284,1.391641126045048,1.4612817908983056,0.23809523809523808,0.0,5.310841994191989,2.1926796896604284,2.0268483752070185,1.2576350409029822,1.3518208446341093,2.596214101522772,21,1.7806974381524194,5.310841994191989,3.0835640038098284,1.4169616379956398,6,1.2001537285070591,3.5443111532253653,2.1214025776865912,0.8354552697256447,10,0.0,2.5023945668935728,1.2661727366288222,1.2457144366583166,5.0,5.310841994191989,0.952342754637046,0.7945114886381761,0.5999400059994001,Average
Royal Challengers Bangalore,2017,21,8,9,4,0,43.87484007110793,32.59332252454708,30.76097820502069,2.0892780986241872,1.5520629773593846,1.4648084859533663,0.19047619047619047,1.2086782021596518,3.492270624102821,2.0892780986241872,2.004523969445824,0.5526190750670307,1.6536000024910515,2.4423714176434017,21,1.2086782021596518,2.718706265761122,2.1247686214609414,0.5737817312459466,8,1.4962918086196164,3.492270624102821,2.162453808165695,0.6559446556595276,9,1.6536000024910515,2.004523969445824,1.8536517064822868,0.16403599389981208,4.0,2.283592421943169,1.0595671667953432,1.8062961430274467,0.8887901344295079,Average
Royal Challengers Bangalore,2018,20,8,6,6,0,43.536705983484815,36.55134915790147,26.132159272132434,2.1768352991742406,1.8275674578950736,1.3066079636066217,0.3,1.1198082669336966,3.4465329183267412,2.1768352991742406,2.1318452800655985,0.6522584705927399,1.8258459670185996,2.39652360653886,20,1.5381906332938033,3.4465329183267412,2.3126662107646125,0.7453042154504285,8,1.3564745490083567,3.2831959509250135,2.3531995141801283,0.6400395011259048,6,1.1198082669336966,2.289917506649908,1.8193632020478567,0.45734791899726507,6.0,2.326724651393045,1.3987114029601126,1.530787651467636,1.3331111481419762,Average
Royal Challengers Bangalore,2019,21,11,9,1,0,44.288863439536605,36.2018069850951,23.77769939964559,2.1089934971207907,1.7238955707188142,1.1322713999831233,0.047619047619047616,0.8155921497494446,3.268412603767028,2.1089934971207907,1.9867766164325376,0.6857529601045402,1.5747182366149994,2.6657088059869203,21,1.2914804753505034,3.268412603767028,2.1082017498848318,0.7446935861301651,11,0.8155921497494446,3.1448031209425307,2.044440561431499,0.658997087397632,9,2.6986791379199655,2.6986791379199655,2.6986791379199655,,1.0,2.4528204540175835,1.5225109198594162,1.4561276879647902,1.2220864348405733,Average
Royal Challengers Bangalore,2020,18,5,8,5,0,38.49570866476706,29.69254404137721,26.529714697359363,2.1386504813759477,1.6495857800765117,1.4738730387421868,0.2777777777777778,0.0,3.477441637744958,2.1386504813759477,2.2154013474692267,0.9585517749953207,1.6169666845673158,2.9159478447355935,18,1.6573936804744056,3.336754856654206,2.7379032540173713,0.7188233330094983,5,0.7012015460188193,3.477441637744958,2.2763005776872904,0.8667133743130034,8,0.0,2.1996535997472684,1.319157554636376,0.8645591416290607,5.0,3.477441637744958,1.1192183700464995,1.0421532491093317,0.6249218847644045,Average
Royal Challengers Bangalore,2021,20,10,8,2,0,44.72225396869534,36.29672599745362,26.623529815783424,2.2361126984347672,1.814836299872681,1.3311764907891712,0.1,1.0085699674992439,4.372945585008528,2.2361126984347672,2.026206880373629,0.9654135462610213,1.4799474383103017,2.9237463914291353,20,1.0085699674992439,3.894859518254089,2.139899512794817,1.0680697390897915,10,1.389676034357916,4.372945585008528,2.466382682390213,0.9542264023853533,8,1.5100379062944302,2.0821594753310375,1.7960986908127339,0.4045510411288725,2.0,3.3643756175092845,1.3633325952119077,1.034753707529165,1.249843769528809,Average
Royal Challengers Bangalore,2022,17,10,5,2,0,39.56049518953687,33.283040321746014,20.415993809760447,2.3270879523256984,1.9578259012791772,1.2009408123388499,0.11764705882352941,0.0,3.7199731580979134,2.3270879523256984,2.4523996819218703,0.9640387335335818,1.8355317606148978,3.11815715329926,17,1.3277158562410971,3.226216276387085,2.41422384357225,0.7114654633698084,10,1.8691516538957371,3.7199731580979134,2.8155320271348416,0.8150099277216978,5,0.0,1.3405966181401685,0.6702983090700843,0.9479449595226657,2.0,3.7199731580979134,1.6302434567664352,1.0362278375484517,1.999600079984003,Strong
Royal Challengers Bangalore,2023,21,8,9,4,0,46.20693229487218,35.093093583120925,31.290744354867847,2.2003301092796277,1.6710996944343297,1.4900354454698974,0.19047619047619047,0.0,4.293296634313995,2.2003301092796277,2.117215088634239,1.0329247206976295,1.9199835286961955,2.3824480884846873,21,1.54229269402688,4.293296634313995,2.569168284175891,1.104603491205262,8,1.9125991402599052,3.4352120800413255,2.3831560428823795,0.46167246107883003,9,0.0,2.1283198155381653,1.0512954088809108,1.2141131344304334,4.0,4.293296634313995,1.1215167394271832,0.9671884035476596,0.8887901344295079,Average
Royal Challengers Bengaluru,2024,22,9,9,4,0,47.99469051038024,37.941621255489274,28.267006170166866,2.18157684138092,1.7246191479767852,1.2848639168257667,0.18181818181818182,0.0,4.409900529299107,2.18157684138092,2.153353332595457,0.9380414874061052,1.6243610967916764,2.820766894842478,22,1.3690184646622945,4.409900529299107,2.5730773271106036,0.9515018046040952,9,1.1038065116027354,2.888478009632069,1.98411381398186,0.7360788975780397,9,0.0,2.805437779969553,1.744992560137017,1.2121900314220775,4.0,4.409900529299107,1.342258215358266,1.064915675623959,0.9998889012331964,Average
Royal Challengers Bengaluru,2025,19,9,8,2,0,45.78657007660034,32.992609296462426,25.69917036958031,2.4098194777158075,1.7364531208664435,1.3525879141884374,0.10526315789473684,0.9880407749216457,3.83930977910481,2.4098194777158075,2.3983945153743216,0.700950502846229,1.9462723687427768,2.860202413865365,19,0.9880407749216457,3.83930977910481,2.401326769323868,0.7852385749005847,9,1.323958228983584,3.3441654289406935,2.474355201679282,0.7263926731769244,8,1.9813930238769606,2.3983945153743216,2.189893769625641,0.29486458240268837,2.0,2.8512690041831643,1.283800559395304,1.424601871421499,1.124859392575928,Strong
Sunrisers Hyderabad,2013,19,11,5,3,0,41.76421964803204,35.35212450657462,26.19894157165968,2.1981168235806336,1.8606381319249798,1.378891661666299,0.15789473684210525,0.0,3.539531178529625,2.1981168235806336,2.4407251160396832,0.8551958396778649,1.7417575959674325,2.659773711401808,19,1.0859265611135842,2.899546812208197,1.9943508430020822,0.5979683595477536,11,2.0941300524411974,3.539531178529625,2.8503088003809376,0.5947226404944932,5,0.0,2.9667020537822872,1.8582721243681488,1.6192676606969882,3.0,3.539531178529625,1.3493722412365032,1.167957088387909,2.1995600879824035,Average
Sunrisers Hyderabad,2014,17,8,7,2,0,38.24539360001215,30.622206773760176,22.592250235878318,2.2497290352948323,1.8013062808094222,1.3289558962281363,0.11764705882352941,1.0914669500373766,3.633272043922086,2.2497290352948323,1.9770506000862351,0.744084051199987,1.803316321961359,2.627118860746974,17,1.0914669500373766,3.633272043922086,2.2954381486270297,0.7825963513290494,8,1.2236750898313928,3.541942894822663,2.301917645140338,0.8421527344427108,7,1.803316321961359,1.9651485730521845,1.8842324475067718,0.11443268216100673,2.0,2.541805093884709,1.3554296917767685,1.3421304594957588,1.142693900871304,Average
Sunrisers Hyderabad,2015,18,7,7,4,0,39.38817796819494,32.67100508059668,24.793173008143434,2.1882321093441632,1.8150558378109265,1.377398500452413,0.2222222222222222,0.6546242377200988,3.8210162873651696,2.1882321093441632,2.118021819564169,0.7082924426261179,1.8497699389901536,2.4287973585998923,18,1.4337565585429746,3.8210162873651696,2.2262793690147165,0.8216628411863571,7,0.6546242377200988,3.169992464987444,2.0853877433250885,0.7606806848933423,7,1.7401555377024132,3.0170803554086305,2.301627045454077,0.538619844222427,4.0,3.166392049645071,1.317741987678049,1.4098557095822883,0.999857163262391,Average
Sunrisers Hyderabad,2016,18,8,7,3,0,42.87147755443511,32.01425444223639,26.453866552719454,2.3817487530241728,1.7785696912353552,1.4696592529288586,0.16666666666666666,0.6970138349831589,4.726641054987265,2.3817487530241728,2.3196451455131832,0.9649891308162252,1.8498285438202162,2.796393021621232,18,1.1201380441298607,4.726641054987265,2.3781507778770914,1.1308432452852122,8,0.6970138349831589,3.7730336928422052,2.4437127411295596,1.0617541540388489,7,2.1009918524850972,2.3458510326290765,2.2467607145038215,0.12893087050899119,3.0,4.029627220004106,1.2101918779410086,1.0352083352687798,1.142693900871304,Strong
Sunrisers Hyderabad,2017,19,8,7,4,0,44.98433249574401,33.32743785395362,28.11646242387336,2.3675964471444217,1.7540756765238747,1.4798138117828086,0.21052631578947367,0.0,4.300900100902409,2.3675964471444217,2.259419832362605,1.1033357775907118,1.9268408091382616,2.8693108219727224,19,1.756027867554473,4.300900100902409,2.787389666439401,0.8070337939299508,8,1.9337252862213796,4.077750929656613,2.6931843614072464,0.7727887565290847,7,0.0,1.9199563320551434,0.9582311585945209,1.106473712518793,4.0,4.300900100902409,1.1853353864907157,0.90552169031566,1.142693900871304,Strong
Sunrisers Hyderabad,2018,20,8,7,5,0,42.976185484548836,34.88636085726857,26.340791403010236,2.1488092742274416,1.7443180428634286,1.3170395701505118,0.25,0.0,4.108139708958689,2.1488092742274416,2.0951272766786833,1.097080406382382,1.6682390076866196,2.887798530175665,20,0.7990702931724059,4.108139708958689,2.191261107928502,1.0315655325432354,8,1.6941114118844334,3.7283193075103203,2.748264995375139,0.7368707663711328,7,0.0,2.4488119968014943,1.2416483306989687,1.174394244458694,5.0,4.108139708958689,1.3244234132343398,0.9106801234114476,1.142693900871304,Average
Sunrisers Hyderabad,2019,20,10,6,4,0,44.40000119316817,35.73686837702856,24.696833160928946,2.2200000596584086,1.786843418851428,1.2348416580464474,0.2,0.0,4.259702652351895,2.2200000596584086,2.0256832989014066,0.9581655878292293,1.602920673399453,2.805424482309139,20,1.19264553259751,4.259702652351895,2.303713743837133,0.9519503654076499,10,1.6008885350274913,3.4361548666198893,2.6197755230703237,0.7110489785901973,6,0.0,2.4341882709377582,1.4110526540937267,1.0186788651303127,4.0,4.259702652351895,1.4470223021778048,1.0425728494526023,1.6663889351774703,Average
Sunrisers Hyderabad,2020,21,9,10,2,0,45.70014850068898,34.93811245004138,27.20534727954827,2.1761975476518565,1.663719640478161,1.2954927275975368,0.09523809523809523,0.0,3.641738845865506,2.1761975476518565,2.3292796085658454,0.9943587116750402,1.8022370536892658,2.8735849565212837,21,0.8433726927163641,3.477276928779084,2.279941072736217,0.9382471739092335,9,0.5787640183737783,3.641738845865506,2.3378441792373765,0.9127905839566379,10,0.0,1.8022370536892658,0.9011185268446329,1.274374041969344,2.0,3.641738845865506,1.2842369586770999,1.0046629303290562,0.8999100089991001,Average
Sunrisers Hyderabad,2021,24,10,10,4,0,48.74619095060851,37.15604975090924,30.718251541441965,2.0310912896086877,1.5481687396212183,1.279927147560082,0.16666666666666666,1.122912462900953,3.3865450516592333,2.0310912896086877,1.9356564853836171,0.5763736629151999,1.605325630743419,2.289726063117409,24,1.2162993726818765,2.853373826740945,2.095126022834566,0.5441807439209512,10,1.122912462900953,3.3865450516592333,1.9707834705974183,0.7304874856423872,10,1.8956965236059473,2.2859441147578377,2.0217740040721677,0.1782581434988265,4.0,2.26363258875828,1.2095756720001478,1.7319806292357194,0.9999000099990002,Average
Sunrisers Hyderabad,2022,19,8,7,4,0,42.0282801671567,33.129997763094,25.654457622028545,2.2120147456398263,1.7436840927944213,1.350234611685713,0.21052631578947367,1.0669015867738718,3.3325171528637347,2.2120147456398263,2.104922049441506,0.7111631064019185,1.6242993505346774,2.8501093974795597,19,1.0669015867738718,3.2073888563143003,2.3489431725355034,0.7999840079051616,8,1.3777376250224334,3.3325171528637347,2.3205759099556333,0.7333301384961938,7,1.413867748430145,2.0641501743186064,1.748175854295809,0.3183363011176198,4.0,2.265615566089863,1.291393419857237,1.4041727112940852,1.142693900871304,Average
Sunrisers Hyderabad,2023,23,10,9,4,0,46.95227623563641,34.336809553074275,28.53172450005234,2.0414033145928876,1.4929047631771424,1.240509760871841,0.17391304347826086,0.0,3.419541235096088,2.0414033145928876,2.134247644474226,0.7286117774374274,1.7793267073012649,2.465369595406854,23,1.465106281208201,3.419541235096088,2.3368239760398217,0.49600135612410307,10,0.8543643790038861,3.197900889753879,1.984812946207582,0.7345617774181197,9,0.0,2.03649889327507,1.4301799898424878,0.9578651316844646,4.0,3.419541235096088,1.2034607145113603,1.3705919105530906,1.1109876680368849,Average
Sunrisers Hyderabad,2024,20,10,6,4,0,43.89105987265468,36.99435370770056,24.500750061664284,2.194552993632734,1.8497176853850281,1.2250375030832141,0.2,0.0,3.762320989696525,2.194552993632734,2.218126318444199,0.9630927233716828,1.5430529621570448,2.9141777265242466,20,1.1699853229821695,3.762320989696525,2.4452798244637393,0.9359769248294648,10,1.3467438108325034,3.1489102914744986,2.3911877724883164,0.697650600973887,6,0.0,2.3810120643865123,1.2727837482718476,1.007651100598363,4.0,3.762320989696525,1.5099273946549379,1.0372446298554563,1.6663889351774703,Average
Sunrisers Hyderabad,2025,20,8,8,4,0,43.34696127810039,31.144165429292194,26.38384971700347,2.1673480639050196,1.5572082714646096,1.3191924858501736,0.2,0.0,3.344292084559439,2.1673480639050196,2.1679442996604212,0.8382890808646178,1.4948169810770717,2.783618195995505,20,1.2512099764728635,3.344292084559439,2.3317659354327667,0.8195013704317686,8,1.4950574099745566,3.0756901426062515,2.4011435573468654,0.5882330937491836,8,0.0,2.233465376761796,1.370921333965832,1.0062981167449219,4.0,3.344292084559439,1.1804253648860372,1.1914845823679978,0.9998750156230471,Average
